MinTemp,MaxTemp,WindGustSpeed,WindSpeed9am,WindSpeed3pm,Humidity9am,Humidity3pm,Pressure9am,Pressure3pm,Cloud9am,Cloud3pm,Temp9am,Temp3pm,Rainfall,RainToday,RainTomorrow
17.5,32.3,41,7,20,82,33,1010.8,1006,7,8,17.8,29.7,1,0,0
15.9,21.7,31,15,13,89,91,1010.5,1004.2,8,8,15.9,17,2.2,1,1
15.9,18.6,61,28,28,76,93,994.3,993,8,8,17.4,15.8,15.6,1,1
14.1,20.9,22,11,9,69,82,1012.2,1010.4,8,1,17.2,18.1,0,0,1
13.5,22.9,63,6,20,80,65,1005.8,1002.2,8,1,18,21.5,16.8,1,1
12.5,24.2,50,11,22,78,70,1005.6,1003.4,8,8,12.5,18.2,1.2,1,0
24.4,34,98,26,48,60,39,1005.3,997.8,4,1,26.1,33.1,0.6,0,1
18.4,31.2,37,7,11,66,31,1009.3,1007.8,7,8,18.7,29.4,0.4,0,0
16.1,21.6,46,11,15,58,69,1017,1017.3,2,8,17,17.3,0,0,1
12.9,29.6,46,7,24,54,14,1014,1012.7,6,7,18.7,28.6,0,0,0
8.9,31.9,43,0,17,49,16,1016.6,1013.4,7,7,15,29.3,0,0,0
14.6,30,37,4,19,56,30,1014.8,1012.7,3,1,18.1,29,0,0,0
15.4,22.3,30,11,9,69,78,1017.4,1019.2,8,8,18.3,19.6,0.4,0,1
18.4,28.1,98,7,17,92,49,1018.8,1012.9,8,6,19,27.4,8.6,1,1
11.6,26.7,48,6,11,59,42,1021.5,1017.7,8,7,16.4,24.3,0,0,1
13,24.9,46,6,11,75,47,1024.4,1020.3,8,6,18,24.4,8.4,1,1
6.6,21.6,26,6,11,59,39,1018.5,1016.8,5,1,12.6,21.6,0,0,0
10.6,16.2,39,7,4,74,86,1008.9,1002.4,8,8,14.9,15.1,0,0,1
12.9,15.8,70,19,15,83,89,1004.8,1000.9,8,8,13.3,14.5,20,1,1
8.6,12.9,63,26,31,77,62,1004,1003.3,8,8,9.5,11.6,21,1,1
4.5,11.5,26,9,13,82,79,1013.8,1013.5,8,8,7.6,9.4,3.2,1,1
7.6,14.5,35,15,20,83,48,1018,1018.3,8,1,10.1,14,4.8,1,0
7.2,19.2,22,7,6,81,49,1026.9,1024,8,4,10.1,19.1,0,0,0
6.9,16.3,35,17,19,77,59,1015.3,1013.1,8,8,10.3,15.3,0,0,0
10.3,16.6,54,13,19,82,63,1015,1011,8,7,12.9,15.9,0,0,1
12.4,16.4,52,22,24,82,54,1011.8,1013.4,8,8,13,14.5,1.8,1,0
5.1,18.6,13,2,9,75,57,1022.8,1020.5,7,7,12.4,18,0,0,0
9.3,20.3,31,9,22,77,50,1024.6,1019.7,2,8,11.6,19.5,0,0,1
11.6,18.1,19,2,6,97,74,1021.4,1019.2,8,3,13.6,17.4,4.2,1,0
8,14.3,13,0,0,88,75,1031.9,1029.2,8,8,9.2,14,1.2,1,1
8.4,13.4,13,0,7,78,75,1029.3,1026.2,8,8,10.6,13.4,1.4,1,1
10.6,14.3,13,6,9,85,97,1023.5,1020.4,8,8,12.4,13,4.8,1,1
8.9,17.4,13,2,4,99,58,1021,1017.5,8,7,11.3,16.5,8,1,0
1.7,10.5,11,4,0,99,91,1015.2,1011.1,8,8,4.7,10.2,0.2,0,1
4.7,11.6,30,6,17,93,80,1007.5,1006.3,8,8,10,11.5,14.4,1,1
9,12,33,9,26,88,79,1009.6,1008.7,8,8,10.3,11.4,4.6,1,1
6.3,8.8,43,13,13,92,95,1011.1,1008.3,8,8,6.8,7.9,2,1,1
-1.3,8.2,15,6,6,99,72,1025.7,1022.2,8,7,1.9,7.9,0,0,0
0.9,17.3,28,4,17,85,56,1025.7,1020.6,7,8,7,16.7,0,0,1
7,17,46,4,20,99,71,1021.9,1018.6,1,1,8.3,16.4,1.6,1,1
5,14.9,19,4,6,99,78,1020.7,1018.6,1,8,9.1,13.6,5.6,1,0
3.9,15.5,35,11,7,99,70,1020.2,1016.4,8,6,8.3,15.2,0,0,1
7.7,14.1,41,7,9,81,65,1014.9,1012.7,8,5,9.6,13.7,6,1,0
4.7,12.2,24,2,13,99,75,1015.5,1012.7,7,8,6.9,11.6,0,0,1
8.4,11.9,22,7,6,79,81,1007.8,1005.5,8,8,10.3,11.3,0,0,1
9.3,12.3,22,9,11,98,76,1007.5,1006.6,7,8,9.8,12.3,5.4,1,1
8.2,15.7,26,9,15,91,69,1011.4,1009.4,8,8,10.1,15.6,3.6,1,1
9.1,16.1,72,11,19,78,73,1007.6,1001,8,8,13.5,15.3,2,1,1
8.3,13.3,52,20,22,85,68,1006.5,1005.2,8,5,9.5,13.1,8.4,1,1
8.8,11.6,54,19,19,88,74,1009.4,1006.8,8,4,8.8,11.4,5,1,1
7.6,12,61,17,22,82,62,1008.6,1009.6,8,1,7.8,11.7,7.8,1,0
5.7,13.2,39,15,24,91,76,1016.3,1014.9,8,8,7.9,12.6,0,0,0
4.8,13.3,24,0,13,96,63,1020.5,1015.6,7,1,8.1,13.2,0.6,0,0
8.1,16.5,33,7,19,77,53,1010.4,1007.7,2,6,11.6,15.4,0.6,0,0
5.9,13.1,41,13,11,82,73,1007.6,1005.5,8,8,9,12.3,1,0,1
6.9,11,30,9,9,94,75,1006.6,1005.8,8,8,7.5,10.1,6.8,1,1
-1,12,20,0,11,98,64,1023,1019.5,7,5,3.2,11.2,0,0,0
3.2,14.1,24,7,11,94,65,1021.6,1019.8,8,8,7.8,13.5,0.6,0,0
6.6,12.3,44,7,20,74,81,1009.5,1006.2,7,8,11.3,10.2,0,0,1
6,13.5,26,13,17,83,58,1015.1,1018.4,7,7,8.5,12.9,9.8,1,0
1.3,8.8,20,6,9,99,91,1019.9,1019.9,8,8,4.2,7.3,0,0,1
4.2,12.7,31,11,11,89,71,1024,1023.1,8,8,8.8,12,3.8,1,1
8.3,13.2,24,11,9,98,81,1026,1025.4,8,8,9.3,12.1,2.4,1,0
3.3,12.1,22,0,9,99,76,1025.8,1022.7,7,7,6.5,12,0.2,0,1
6.5,14.5,35,19,22,81,61,1021.3,1021.5,5,8,11.6,12.7,5.2,1,0
7.4,13.9,30,0,15,99,70,1026.8,1025.3,7,3,8.9,13.3,0.2,0,0
7.5,14.1,30,2,17,94,65,1027.9,1024.8,1,6,10.5,13.3,0.8,0,0
5.7,13.8,19,7,7,98,76,1022.2,1020.2,8,8,8.9,13.6,5.4,1,0
8,13.9,57,35,33,79,47,1012.8,1015.6,8,8,9.8,13.7,0.8,0,1
5.9,17.7,43,19,22,62,59,1009,1008.6,1,1,14.8,15.6,0.4,0,1
6.9,14.3,24,6,13,99,74,1011.5,1010,8,8,9.1,13,4.8,1,0
7.7,11.6,22,6,13,94,87,1015.7,1015.3,8,7,9.4,11.1,0.2,0,1
5.1,15.5,39,11,11,79,70,1012.2,1006.4,8,8,11,14.3,1.6,1,1
1.6,16.4,17,7,7,99,61,1027.7,1022.5,8,1,5.5,15.2,0,0,0
7.3,14.8,59,26,30,72,85,1004,1001.7,3,8,13.3,10.1,1,0,1
5.8,18.9,26,7,11,94,67,1011.5,1007.1,3,3,10.8,18.2,3.8,1,1
7.2,17.9,59,20,19,81,80,1002.6,996.9,1,8,13,17.5,4.2,1,1
6.3,11.1,56,26,20,77,57,1014.2,1015.2,8,8,6.7,10.7,13.4,1,1
6.7,14.2,39,19,22,90,72,1018.9,1016.8,7,5,9.7,13.9,1.4,1,1
5.1,14.2,24,7,15,96,58,1023.2,1021.7,8,1,9.7,12.5,3,1,0
5.7,16.5,46,7,30,90,59,1009.9,1009,5,4,9.4,15.3,0,0,0
7.5,14.3,35,17,22,82,67,1012.8,1011.3,8,8,9.5,13.4,0,0,0
5.4,20.6,22,6,11,98,46,1018.8,1015,8,8,10.2,19.2,0,0,0
11.5,20.2,50,17,13,77,55,1002.6,999.2,8,1,15.5,19.2,8.4,1,1
9.3,16.8,56,26,30,82,54,997.8,1003.8,5,8,13.1,15.9,28.8,1,1
5.3,20.6,44,22,13,60,57,1009.3,1002.9,2,7,15.2,17.3,0,0,1
6.8,12.2,56,37,24,79,72,1005.2,1003.9,7,6,7.9,11.1,6,1,1
4.5,12.9,61,35,37,78,72,1009.8,1008.4,5,8,6.7,10.7,1.6,1,0
8.5,13.5,31,17,11,87,75,1014,1015.1,7,7,9.6,13,3.2,1,1
5.2,16.2,37,6,15,85,77,1020.2,1018.3,2,2,8.8,10,0,0,1
6.6,17.7,50,17,30,70,71,1001.9,997.6,7,6,10.8,14.8,2,1,1
9.5,15.1,65,26,30,88,60,1000.5,1002.7,8,1,10.3,14.1,7,1,1
9.7,15.7,50,15,22,79,84,1008.5,1007.8,8,8,11.1,10.9,1.4,1,1
19.3,21,37,9,9,95,91,1010.8,1009,8,8,19.7,20.8,10.6,1,1
18.3,28.3,61,0,46,98,67,1003.7,1003.5,8,8,19.2,25.6,25.8,1,0
21,34.5,78,13,39,48,70,1012.2,1008.4,1,4,28.2,25.2,0,0,1
15.9,26.2,24,11,0,82,56,1010.7,1008.6,7,5,17.6,24.7,10.2,1,0
17.1,26.4,52,24,24,48,27,1006.5,1002.7,2,1,18.8,25.7,0,0,1
12.8,22.3,46,6,19,94,54,1000.5,1000.9,8,4,13.5,20.7,9.4,1,1
13.2,23.9,50,9,24,82,35,1010.3,1009.3,3,1,15.9,23.6,2.4,1,0
18.2,24.9,54,13,28,58,45,1006.9,1006,7,5,21,21.8,0,0,1
14.2,27.4,52,6,19,52,26,1008.9,1004.7,7,7,19.7,25.6,0,0,0
9.2,22.6,41,19,20,62,30,1016.9,1016.3,6,3,12.8,21,1,0,0
18.8,28.3,31,0,6,84,49,1009.8,1008,5,1,20.9,27.5,9.8,1,0
16.8,25.6,57,20,35,51,24,1006.9,1005.5,4,1,18,24.1,0,0,0
10.5,22.6,52,22,30,44,30,1007.7,1007,2,8,14.4,20.5,0,0,0
19.2,26.1,33,9,13,83,70,1009.9,1009.4,4,8,22.1,25,52.2,1,1
23,34,37,7,11,66,32,1020.8,1017.8,7,7,25.9,33.8,0,0,0
20.8,27.1,24,9,11,82,59,1009.9,1007.9,8,1,21.2,26.6,0,0,0
20.5,30.3,41,7,20,80,43,1006.8,1003.9,8,8,21.7,28.9,0,0,0
15.7,31.8,57,7,19,70,35,1018.9,1014.3,1,2,19.6,30.9,0,0,0
19.6,34.7,59,6,24,71,59,1015.3,1011.2,3,8,23.8,27.3,0.6,0,1
20.2,26.4,46,4,9,83,70,1014.6,1011.9,8,8,21.3,24.2,3.6,1,0
18.8,30.3,39,9,7,87,48,1010,1009,8,1,22.3,29.4,20.6,1,1
18.3,22.9,39,15,13,89,82,1013.3,1008.8,8,7,19,21.1,5.8,1,1
15.7,22.4,46,20,17,90,67,1014.4,1015.9,8,8,16.3,19,6.2,1,0
18.2,26.3,26,7,20,94,61,1015.8,1014.9,7,5,18.2,24.8,11,1,0
15.7,23.4,30,17,9,87,69,1012.8,1010.5,8,3,19.2,23.2,3,1,1
13.5,23.1,46,13,20,84,53,1016.7,1015.3,1,1,17.5,23,3.2,1,0
14.1,18.6,22,6,11,84,79,1011.6,1009,8,8,16.7,18.3,0.2,0,1
14.2,18.7,57,17,35,86,43,1010.1,1010.2,8,2,15.9,17.8,7,1,0
11.2,25.9,17,0,9,81,46,1025.7,1021.9,2,3,14.6,25.6,0,0,0
11.8,25.2,26,2,13,79,49,1024.6,1020.1,1,1,16.4,24.3,0,0,0
15.4,19.8,46,11,28,95,86,1013.4,1008.7,8,8,17.1,18.6,3.6,1,1
7.1,16.1,17,0,7,84,58,1020.9,1018,6,7,9.7,15.9,0,0,1
9.7,17.3,30,6,17,84,50,1022,1019.6,1,1,12.4,16.9,1.6,1,0
10.5,17.7,28,7,11,79,69,1021.9,1020.4,5,8,14.3,17,0.4,0,0
8,25.3,61,7,26,92,29,1017.8,1011.2,8,4,11.9,24.8,0.2,0,1
7.1,15.3,35,11,9,78,68,1022.3,1021.6,8,8,10.8,15.3,0,0,0
5.7,17.5,20,2,6,89,56,1024.7,1021.7,8,6,10.2,16.8,0,0,0
9.6,19.3,13,0,0,84,59,1023.7,1021.1,6,1,13,18.6,0,0,0
5.7,19.5,17,7,4,99,54,1023.4,1019.6,8,1,9.2,18.6,0,0,0
10.2,14.9,26,7,7,88,99,1008.7,1005,7,7,13.5,12.8,10.4,1,1
5.7,16.6,11,0,9,92,59,1019.6,1018,8,8,9.7,16.5,0.2,0,0
6.4,17,22,0,13,96,63,1019.4,1014.3,8,6,9.4,17,0,0,1
9.4,15,26,9,11,99,89,1005.7,1002.8,8,8,12.1,14,28,1,1
8.8,20.2,46,11,31,99,47,1004.7,1004.8,8,1,10.8,19.6,5.8,1,0
3.1,12.2,19,2,11,89,49,1023.7,1019.5,7,7,5.3,11.6,0,0,0
5.3,8.4,37,11,13,81,92,1012.9,1011.1,7,8,7.8,7.9,0,0,1
7.2,13.2,28,6,13,82,66,1023,1019.7,7,7,9.2,12.8,0,0,0
-0.3,12.8,11,2,9,92,65,1032.3,1028.3,6,1,3.4,12.4,0,0,0
1.5,15.5,52,4,9,91,73,1027.4,1022.1,1,7,7.4,13.5,0,0,1
3,12.2,24,7,13,88,70,1019.6,1018,7,2,6.9,10.9,2.2,1,1
3.6,13.1,39,0,2,98,86,1027.2,1026.7,8,8,7.7,12.7,0,0,0
3.4,17,24,4,17,85,56,1030.1,1024.7,3,1,8.3,16.9,0,0,0
7,16.1,31,9,2,83,95,1021.9,1018.6,8,8,12.1,13.2,0,0,1
6.2,12.1,35,4,4,86,71,1020.5,1020.5,7,8,7.6,11.1,10.2,1,0
0.6,11.9,22,2,11,99,54,1024.3,1021.8,1,2,2.8,11.5,0.2,0,0
-0.6,8.3,52,7,9,99,70,1022.7,1020.3,8,7,2.3,8.2,0,0,0
2.3,9.4,20,9,13,71,57,1021.2,1019.4,8,8,6.5,9.1,0,0,0
5.1,9.8,24,6,9,81,78,1020.7,1019.6,8,8,6.3,8.8,0.2,0,1
3.2,11.9,13,0,6,99,67,1025.2,1024.3,7,7,5.5,10.4,1.2,1,0
0.2,10.9,19,2,7,99,70,1027.6,1024,8,4,3.2,10.2,0.2,0,0
1.8,12.1,22,7,0,99,70,1027.5,1022.8,8,3,2.4,11.7,0.2,0,1
5,15.4,28,4,11,99,62,1020.6,1019.6,8,1,11.8,15.2,13.4,1,0
3.5,16.3,59,7,13,98,93,1016.8,1008.9,8,8,6.2,12,0,0,1
6.2,10,57,24,19,82,91,1009.2,1008.7,8,8,8.5,9.1,21.4,1,1
0.6,13.1,48,2,2,99,56,1028.7,1026.3,8,2,2.9,13,0,0,0
-0.4,11.5,15,6,0,99,69,1029.2,1025.9,8,4,2.8,10.8,0,0,0
5,13.5,20,4,4,99,61,1018.8,1017.8,8,8,7.7,13.4,1.6,1,0
0.5,11.6,19,7,11,99,62,1025.4,1024,8,1,3.1,11.5,0.2,0,0
-0.5,13.8,19,0,11,89,51,1032.7,1030.7,7,1,4,12.4,0,0,0
5.8,14.8,20,0,9,99,80,1018.5,1014.9,8,8,10.3,14,6.2,1,0
8.9,14.9,30,2,13,91,86,1015.5,1013.5,8,8,11.1,14.1,0,0,1
7.5,12.3,30,4,19,100,85,1013.7,1015.6,8,8,11.1,11.6,2.2,1,1
7.5,10.1,41,20,11,86,93,1016.3,1014.6,8,8,9.3,7.3,4.2,1,1
5.4,14.7,39,15,19,85,56,1019.5,1018.7,4,8,7.8,13.7,18.6,1,0
0.7,12.6,22,6,13,99,59,1024.5,1022.8,8,1,3.2,12.2,0.2,0,0
4.4,16,41,9,15,86,77,1013.9,1008.7,8,8,9.7,15.2,7.2,1,1
7.2,10.4,33,11,13,96,85,1006.2,1000.1,8,8,7.7,10,8.2,1,1
1.6,15,20,0,9,99,56,1016.7,1013.5,8,1,6.5,14.5,0,0,0
7.2,12.1,46,11,13,83,94,1004.5,1004.4,8,8,10.7,10.9,1.8,1,1
6.4,11.8,56,17,24,94,65,1013.8,1013.8,8,6,7.7,11.3,10.2,1,1
1.3,11.8,31,0,20,92,86,1016.9,1006.3,4,8,5,8.7,0.2,0,1
5,15.1,57,15,30,85,56,1008.2,1007.8,8,6,11.6,14.5,15.4,1,1
4.5,11.7,46,20,30,82,58,1015.7,1014.8,4,5,6.4,10.4,2,1,0
6.3,12.9,39,17,19,86,68,1018.7,1017.8,8,3,7,12,0,0,0
4.1,12.8,17,6,7,91,61,1017.7,1012.6,8,8,6.4,12,0.2,0,1
6.4,13.3,67,19,22,90,55,1013.2,1010.3,8,8,9.4,11.7,1.8,1,1
4.2,10.7,65,13,24,87,65,1010.9,1005.5,8,8,5.4,10.1,1.8,1,1
5.4,11.8,50,20,15,84,70,1003.1,1001,8,8,7.3,11.2,9.6,1,1
0.9,14.4,22,6,4,99,58,1024.4,1024,8,3,4.1,13.3,0,0,0
1.9,15.2,15,2,6,85,57,1029.6,1027.2,5,7,7.1,14.1,0,0,0
7.1,15.1,17,7,6,86,71,1015.8,1014.9,7,8,11.2,14.2,0,0,0
10,16.8,33,0,9,92,68,1016.5,1016,7,5,10.9,16.1,0.8,0,0
10.1,17.7,70,24,24,96,87,1004.7,999,8,8,15.1,14.8,21.8,1,1
9.8,14.2,72,22,19,81,67,1011.7,1013.8,8,7,10.6,13.2,20.8,1,1
6.8,12.8,50,11,13,89,64,1019.7,1018.7,8,6,9.5,12.5,2.4,1,1
7.2,14.7,39,7,11,76,90,1015.6,1009.7,8,8,11.1,11.9,0,0,1
8.1,14,50,28,22,91,86,1004.5,1006,8,8,10.9,11,24.8,1,1
7.5,13.4,54,20,28,64,49,1019.2,1017,6,3,10.2,13.1,0,0,0
3.3,13.9,31,11,19,67,60,1021.8,1018.8,6,8,9.8,13.5,0,0,0
2.4,16.4,30,2,17,90,55,1022.7,1020.8,8,2,9,16.2,0,0,0
8.6,20.1,26,2,6,70,48,1025.8,1021.7,5,8,14.7,19.1,0,0,0
3.7,19.1,33,2,17,96,61,1023.9,1020.7,8,2,9,18.3,0,0,0
14.5,19.9,31,7,19,91,66,1027.7,1023.9,8,8,14.7,19.5,0.8,0,1
13.8,18.6,63,28,4,93,90,989.8,982.9,8,8,18.5,17.1,22.2,1,1
6.3,15.4,35,15,17,77,56,1016.1,1016.3,7,8,9.5,14.7,0,0,0
9.2,17.4,39,2,20,74,50,1019.9,1019.4,7,1,12.5,17.1,0,0,0
14.8,19,28,6,15,81,77,1016.8,1016.8,8,5,17.4,17.2,0.4,0,1
10.9,22.2,22,4,11,77,47,1022.4,1018.5,4,1,14.6,20.8,0,0,0
16,19.5,33,7,19,95,96,1010.7,1008.4,8,8,17.6,18.6,3.4,1,1
13.8,18.7,52,17,22,78,67,1011.3,1012,8,8,15.5,17.6,50.8,1,1
10.2,18.9,35,6,19,79,52,1016.5,1013.8,7,1,12.5,17.5,1.2,1,0
10.1,18.8,33,13,15,61,48,1020.8,1019,8,5,13.3,18.2,0,0,0
14.7,24.7,31,11,20,71,64,1013.8,1014.7,7,4,19.4,23.4,2.2,1,0
21.1,26.9,61,13,24,63,78,1012.1,1011,7,3,24.4,24.8,0,0,1
17.9,24.2,39,13,9,92,68,1018.1,1015.5,8,8,18.5,23.6,4,1,1
13.6,22.6,43,20,22,69,51,1013.6,1012.7,5,2,16.6,21.7,14.8,1,1
17.3,29.9,44,2,17,65,48,1012.6,1009.3,1,6,22.5,28.6,1.2,1,0
21.3,29.8,43,24,26,50,44,1011.5,1008.8,1,8,25.5,29,0,0,1
20.3,29.7,61,22,35,82,55,1009.4,1005,8,7,21.4,29.1,3.2,1,1
18,26.7,39,11,20,85,50,1009.1,1007.2,8,8,20.5,26,25.6,1,0
10.4,18,61,9,13,71,55,998.8,994.3,8,8,15,17.4,3,1,1
8.6,20.5,52,20,22,79,50,1002.3,1004.3,7,8,10.8,18.6,6.2,1,1
21.6,26.4,37,13,15,81,87,1011.7,1009.4,8,8,22.5,23,1.4,1,1
22.1,30.6,41,6,28,86,59,1009.5,1006.5,8,8,24.4,29.5,14.2,1,1
20.4,23,28,11,4,97,95,1008.6,1007.3,5,8,22.5,22.5,99.2,1,1
19.8,24.8,54,15,9,98,94,1013.4,1011.5,8,8,20.4,22,39.8,1,1
18.7,28.5,28,7,19,88,57,1014.2,1012.9,8,4,19.6,28.2,28.2,1,0
18.9,29.2,30,0,4,90,55,1012.9,1010.8,8,5,19.9,28.1,5.8,1,0
19.3,30.7,52,13,15,68,51,1013.7,1010.3,1,1,22,30.4,0,0,1
16.7,25.7,43,13,26,80,50,1010.1,1009.7,8,5,19.4,25.2,12.8,1,0
19.6,24.8,20,6,7,87,87,1009.9,1009,8,8,20.4,21.1,0.2,0,1
17.9,30,20,7,11,85,55,1007.8,1003.7,4,7,20.4,28.5,11.8,1,0
18.7,20.8,22,9,13,92,95,1012.3,1011.9,8,8,19.8,19.6,13.4,1,1
12.8,26.3,20,9,11,77,47,1015.4,1012.4,1,1,16.2,25.2,0,0,0
18.6,26.8,37,0,13,82,58,1001.4,1000.3,8,5,20.1,26,0,0,0
16.3,20.1,37,15,22,76,63,1005.7,1005.3,8,8,16.4,18.4,0,0,1
13.9,22,44,13,19,90,64,1003.7,1003.8,8,3,15.7,20.7,8,1,0
13.3,22.1,43,17,17,77,49,1011.8,1012.6,3,8,14.9,20.9,0,0,0
11.5,25.7,26,0,11,86,52,1024,1020.2,8,8,14.8,24.3,0,0,0
12.3,25.8,33,9,6,87,55,1018.7,1015.6,5,8,15.6,24.1,0,0,0
8.7,20.4,15,0,9,81,66,1019.6,1016.3,4,8,12.8,19.5,0,0,0
9,21.9,28,0,0,74,46,1016.6,1014.5,5,1,14.6,21.6,0,0,0
3,11,54,22,26,83,55,1010.6,1009,2,5,8,10.8,3.6,1,0
0.2,10.1,24,4,4,94,89,1015.3,1013.8,6,8,4.1,8.6,0.4,0,1
3.8,14.1,35,11,20,98,74,1015,1012.3,8,6,9,13.2,5,1,1
-0.7,13.7,15,0,9,95,57,1031.5,1029.9,8,5,3.3,12.3,0,0,0
0.8,11.2,20,4,7,99,74,1033,1030.5,8,8,4.2,10.9,0,0,0
5.8,22,46,0,20,94,53,1017,1009.3,6,6,10.2,20.4,0,0,1
10.2,15,44,19,20,88,85,1002.9,1000.5,8,8,13.2,14,17.4,1,1
8.9,15.6,26,15,7,85,65,1007.8,1008.2,8,8,10,14.8,3.6,1,0
1.9,13.8,17,2,11,99,65,1021.9,1020.6,7,1,6.1,12.8,0,0,0
8.5,14.8,24,9,11,95,72,1016.3,1015.6,8,1,10.9,13.8,8.8,1,0
2.2,12,28,0,15,98,75,1018.7,1014.7,8,2,6.7,11.5,0,0,1
1.5,10.2,37,13,22,89,63,1019.2,1017.3,8,8,3,9.7,2.6,1,0
5.7,12.5,28,13,11,91,85,1015.1,1014.5,8,8,7.9,11.1,0.2,0,0
3.3,11.8,20,0,7,99,92,1017.7,1015.2,8,8,7.6,11.4,0,0,1
7.6,14.6,46,6,19,86,67,1015.4,1010.8,7,8,10.4,14.1,3.6,1,1
6.6,11.6,65,11,28,93,58,1002,1003.9,8,2,6.8,10.3,10.6,1,0
5.9,11.1,43,19,19,93,69,1013.3,1013.6,8,8,6.3,10.4,0.6,0,1
2.9,14.8,48,6,7,98,80,1018.7,1014.3,8,7,6.3,12.8,0,0,1
6.3,14.8,69,7,35,85,54,1013.2,1009.1,6,6,10.7,14.1,15.4,1,1
7,10.8,61,17,19,94,87,1010.8,1007.7,8,8,7.9,10,1.2,1,1
6.8,11.2,52,15,24,85,54,1013.9,1018.3,2,1,7.5,10.6,4.4,1,0
4.3,9.2,28,13,19,94,87,1022.2,1021.1,8,8,7.4,8.1,4.2,1,0
6.4,11,46,19,28,78,68,1017.7,1012.6,8,8,7,10.5,0,0,1
4.7,11.8,30,15,19,85,64,1022.2,1022.7,6,8,5.7,11.2,6.6,1,0
5.7,10.5,28,0,19,83,64,1025.4,1023.4,8,7,7.7,9.8,0,0,0
5.3,11.1,31,7,9,86,95,1024,1021.2,8,8,8.4,9.5,0,0,1
8.4,11,33,17,7,92,85,1018.8,1018.3,8,8,8.6,8.6,8.8,1,1
0.3,16.7,33,2,19,99,54,1021.5,1020.2,1,5,3.6,15.8,0.2,0,0
10.8,18.8,56,24,33,55,71,1014.9,1014.1,3,8,16.7,12.1,5,1,0
2.7,14,57,20,30,70,47,1013.1,1010.6,8,8,8.4,13,0,0,0
1.7,18.2,30,0,17,99,53,1022.6,1020.3,8,5,7.8,18,3.6,1,0
11.5,19.2,83,9,19,69,93,1008.7,1004.9,4,8,16.9,14.3,0.6,0,1
10.7,12.3,59,30,20,84,89,996.3,996.2,3,8,11.2,10,28.4,1,1
7.5,15.5,48,20,20,84,59,1006.1,1003.7,8,8,10.1,15.1,8.2,1,1
8.2,13.5,26,9,11,85,80,1005.8,1007.1,8,8,10.5,13,3.8,1,1
10.7,18.6,46,13,28,89,57,1010.1,1007.4,8,5,12.6,18.4,0,0,1
11.9,20.6,39,15,20,85,60,1010.8,1012.5,8,8,13,19.3,12.2,1,0
13.9,22.8,61,24,22,87,38,1011.7,1015.5,8,1,15.9,21.6,34.8,1,0
16,22,43,15,7,62,78,1018.3,1016.6,8,8,20.1,19.4,0,0,0
19.9,29.6,33,13,19,72,62,1013.4,1008.4,8,7,21.9,26.5,0,0,0
18.4,35.9,59,9,22,68,22,1012.7,1007.1,1,1,22.5,34.8,0,0,1
17.8,25.1,37,7,9,72,58,1009.7,1005.8,8,8,20.1,24.3,0,0,1
15.8,28.3,37,9,19,94,55,1004.3,1000.7,7,6,18.3,25.6,12.2,1,0
18.7,27.8,44,15,19,84,47,1007.2,1005.3,8,7,20.7,25.9,3.6,1,0
12,19.5,69,22,39,85,34,1006.8,1008.6,8,3,13.5,18.9,0.4,0,1
16.1,30.7,31,9,15,64,55,1016.6,1014.7,6,7,21.2,25,0,0,0
19.9,35.4,39,17,9,50,29,1015.6,1011.3,1,1,24.7,33.6,0,0,0
20.8,29.1,48,24,28,92,69,995.3,995.4,7,8,22.6,27,26.8,1,1
14.8,24.6,26,6,11,61,57,1012.2,1010,4,2,19.6,22.8,0,0,1
16.9,28.3,30,7,13,83,63,1018,1017.2,8,8,18.4,23.6,0.4,0,0
17.6,31.3,31,6,17,75,49,1015.7,1012.2,4,7,21,28.9,0,0,0
16.1,21.4,39,4,13,82,86,1013.2,1013.3,7,8,19,20.5,0,0,1
17.6,25.5,37,6,7,91,100,1018.3,1014.9,7,8,18.6,22,1.4,1,1
18.5,28,31,13,11,88,67,1015.7,1013.2,8,8,21.9,26.9,10.6,1,1
17.1,20.9,57,7,20,97,88,1002,1001.9,8,8,19.5,18.5,104.2,1,1
17,25.8,48,13,24,60,46,1010.9,1011.3,8,7,19.1,25.2,36.6,1,0
18.8,19.6,52,7,15,62,92,1014.2,1011.1,8,8,19.3,17.1,0,0,1
16.7,24.8,35,9,20,100,65,1009.3,1010.4,8,3,19.1,23.1,66,1,0
12.4,26.2,43,0,9,79,50,1019,1017.3,7,4,16.7,24.8,0,0,0
15.8,23.2,52,22,30,49,42,1023.2,1020.2,1,7,17.7,22.3,0,0,0
19.2,20.4,46,9,17,93,93,1010.5,1012.3,8,8,19.8,16.9,19.2,1,1
16.5,27.7,50,11,28,66,61,1007.9,1004.2,4,8,20.9,25.4,0,0,0
11,18.3,54,15,31,83,47,1006.9,1006.9,8,3,12.5,16.7,0,0,0
8.9,19.7,37,17,22,79,54,1015,1015.4,7,5,11.1,17.5,0.4,0,0
13.5,23.4,26,6,13,86,75,1021.1,1018.1,7,8,16.5,21.9,0,0,1
12.9,29.9,30,9,13,75,41,1015.6,1012,7,2,18.4,29.1,0,0,0
5,18.6,56,11,30,81,58,1019.2,1018.2,8,8,12,14.6,0,0,0
16.9,21.4,24,2,17,80,76,1018.4,1015.8,8,4,18.3,20.5,0.8,0,1
14.6,22.7,19,7,2,100,62,1017.3,1014.7,8,1,15.7,21.9,34.2,1,0
14,23,43,7,20,95,57,1012.7,1008.7,8,8,16.4,21.8,1.4,1,1
12.2,22.5,39,0,19,95,42,1011,1008.6,4,1,16.9,22.4,8.2,1,0
10,14.2,35,17,15,84,79,1014.2,1013.5,8,8,10.3,11.2,0.8,0,0
7.3,17,39,26,22,81,63,1015.1,1013.6,4,7,9.8,16.8,1,0,0
5.5,19.6,19,4,7,100,58,1023,1021.2,8,6,9.4,19.2,0,0,0
6.8,20.7,24,0,15,93,56,1025.5,1021.3,7,7,11.3,19.8,0,0,0
7.6,16.3,30,17,22,94,89,1021.7,1019.5,7,8,14.2,15.8,0,0,1
4.1,13.3,17,7,13,100,71,1018.6,1017.8,8,8,6.9,12.6,0,0,0
4,14.5,20,4,11,99,68,1021.1,1017.5,8,5,8,13.8,0,0,0
5.5,20.3,28,0,13,91,49,1019.6,1016,8,1,9,20,0,0,0
7.2,17,26,4,7,92,72,1021.1,1019,8,5,11.7,16.3,0,0,0
7.5,21.4,13,0,7,100,56,1022.8,1019.5,5,7,12.5,21,0.4,0,0
6.4,14.8,43,24,20,81,56,1015.9,1016.2,5,6,9.2,13.6,0,0,0
3.2,17,17,0,9,94,58,1026.5,1023.7,8,2,7.6,16.4,0,0,0
0.9,15,13,0,0,100,59,1026.2,1022.9,8,5,5,13.3,0,0,0
1.9,15.6,22,0,9,90,54,1025.3,1021.7,8,7,6.8,15.2,0,0,0
7.8,17,24,4,11,82,96,1017.5,1015.2,2,8,10.9,11.8,0,0,1
5.5,9.4,59,19,22,87,86,1011.4,1008.6,8,8,7.6,8.6,29.4,1,1
6.7,13.2,35,13,13,95,79,1016.1,1015.3,7,8,7.9,12.2,6,1,0
5.7,15.4,20,2,13,100,63,1023.5,1022.2,8,1,7,15,0.4,0,0
5.7,13.7,31,9,9,84,72,1016.5,1012.6,7,8,9.7,13.4,3.6,1,0
4.8,14.5,35,9,19,100,86,1008.4,1005.1,8,8,6.3,10.8,0,0,1
0,14.8,11,2,6,100,64,1028.2,1025.2,7,5,3,12.5,0,0,0
0.2,15.6,13,0,6,100,50,1027.5,1024.4,8,1,4,15.1,0,0,0
2.3,16.7,43,6,17,97,65,1018.2,1013.8,7,8,7.3,15.4,0,0,0
1.4,10.3,20,4,6,98,86,1017.5,1015,8,7,5.5,9.9,0,0,0
4.4,11.6,26,9,13,93,89,1020.9,1020.5,8,7,8.8,10.2,0,0,0
-1.3,11.7,20,0,13,100,64,1023.5,1018.8,8,7,3,11.4,0,0,0
3,13.8,35,9,17,83,59,1013.4,1007.8,8,8,10.2,13.7,0.6,0,1
7.5,9.7,44,15,15,91,90,1006.6,1009,8,8,8.4,8.9,5.2,1,0
-1.7,10.6,24,4,17,100,68,1025.1,1025.3,8,8,0.3,10.4,0.8,0,0
0.2,11.3,24,9,9,98,89,1031.1,1029.9,8,8,8,10.9,0.4,0,1
3.1,13.3,28,9,20,100,81,1031,1028.4,8,8,7.7,12,1.4,1,0
1.8,13.7,15,0,7,93,67,1031.3,1027.7,8,8,6.1,13.1,0,0,0
1.2,12.3,15,0,7,100,74,1025.5,1019.4,8,7,5.5,11.8,0,0,1
5.5,15.5,35,0,19,100,68,1013.7,1008.8,7,8,9.9,14.8,3.8,1,1
0.6,11.7,39,0,19,100,68,1013.6,1011.6,8,8,4.3,11.1,4.6,1,1
3.7,9.6,26,7,9,100,91,1016.2,1014.7,8,8,6.5,8.2,3.8,1,1
0.2,15.1,24,0,9,95,60,1029,1024.2,1,1,5.2,14.3,0,0,1
5.2,11.9,44,7,22,95,97,1020.8,1015.6,7,8,9.1,11.2,2.4,1,1
9,14,39,15,15,87,73,1019.1,1017.8,2,3,10.8,13,27.2,1,0
7.1,15.8,24,6,13,100,81,1009.3,1008.5,7,8,12.5,14.3,15.4,1,1
9.8,14.5,48,11,19,97,72,1012.1,1010.2,7,7,10.3,13,14.2,1,1
6.4,11.3,33,17,17,89,64,1020.4,1021.6,7,8,7.2,10.2,9.4,1,1
7.2,12.4,22,7,15,94,89,1028.6,1027.2,8,8,10.1,12,2.8,1,0
8.7,15.4,19,0,9,100,66,1026.2,1022.8,8,8,10.2,14.2,0.4,0,0
7.7,15.3,39,4,19,84,69,1020.7,1017.8,2,8,10.8,11.9,0,0,0
-0.8,12.7,24,0,17,100,58,1024.5,1023.2,8,3,2.3,11.1,0.6,0,0
2.3,15.3,31,0,17,86,67,1028.7,1027.3,3,8,9.2,13.7,0,0,0
-0.1,16.1,13,0,4,100,49,1032.3,1028.3,1,1,5.6,15.5,0,0,0
2.9,14.6,28,0,13,94,64,1021.9,1016.8,8,8,7,14.1,0,0,1
6.7,11.5,17,9,9,96,86,1013.2,1012.3,8,4,7.8,10.3,6.2,1,1
4.1,13.2,28,6,15,100,71,1020.8,1020.1,8,8,5.9,12.4,4,1,1
2.5,14.9,24,0,13,95,53,1018.7,1015.8,8,7,6,13.3,0,0,0
1.5,14.9,28,0,9,99,62,1018.6,1015.9,7,8,5.8,13.8,0,0,1
3,16.6,54,11,19,92,59,1014.2,1010.6,8,8,8.6,15.4,2,1,1
4.1,11.9,50,17,17,86,60,1020,1020.7,5,6,6.1,11.1,1.4,1,0
5.7,11.8,65,22,19,87,82,1018,1017.7,1,8,8.7,7,11.2,1,0
2.1,13,26,6,11,100,67,1017.8,1015,8,2,6.2,12.6,1.2,1,0
6.2,14.7,33,0,17,88,63,1015,1010.3,8,8,9,13.2,0.6,0,1
6.4,11.7,50,19,31,95,69,1003.7,1001.3,7,8,6.8,10.6,13.4,1,1
3,14.9,37,0,20,99,74,1011,1012.5,8,8,6.7,12.8,6.6,1,0
2.1,12.4,17,2,6,89,55,1024.6,1020.4,8,2,6.4,11.7,0,0,0
2.1,16.4,33,7,19,84,45,1020.1,1015.3,2,1,7.9,15.6,0,0,0
8.2,13.6,43,24,2,79,96,1007.3,1004.1,8,7,11.8,11.7,1,0,1
5.3,11.4,46,15,20,90,70,1013.7,1012.9,8,8,6.1,11.1,9.4,1,1
6.1,10.7,28,6,13,86,63,1020.6,1019.6,8,8,7,10.6,2,1,0
7,14.2,31,15,19,85,50,1020.7,1020.5,3,6,10.2,13.8,0.8,0,0
-0.2,14.3,19,7,7,100,59,1026.4,1023.2,8,1,4.6,13.9,0,0,0
6.2,12.8,56,26,26,85,53,1012.1,1014.3,8,6,8.6,10.9,0.6,0,0
3.4,13.4,39,17,26,88,47,1019.1,1018,8,7,5.3,12.9,1,0,0
7.7,17.2,44,20,22,69,57,1009.5,1008.1,7,8,12.4,15.9,0.2,0,1
6.8,13.8,67,35,33,86,59,1006.8,1008.8,8,8,8,12.4,2.6,1,1
7.5,15.2,46,22,24,86,63,1017.9,1017.4,8,8,9.6,14,3.4,1,0
0.8,13.7,31,6,20,77,61,1022.5,1020.6,8,8,7.7,12.8,0,0,0
4.7,17.9,20,6,9,82,53,1019.8,1017.3,1,7,11.9,16.6,0,0,0
5,16.5,33,11,13,85,68,1017.4,1013.4,8,4,11.2,15.4,0,0,1
8.4,19.2,43,6,7,87,58,1017.8,1015.1,7,1,12.7,18.6,13.2,1,0
10.4,22.1,39,9,26,87,50,1018,1010.6,7,6,14,21.4,0.4,0,0
11.9,19.4,39,15,22,85,60,1015.5,1014.5,8,8,13.2,18.3,0,0,0
4.2,20.7,48,11,30,79,45,1009.4,1008.3,1,3,13,18.9,0,0,0
7.6,25.7,54,6,15,77,44,1014.5,1007.8,5,1,14.3,23.8,0,0,0
14.3,24.3,67,30,26,45,62,1000.8,1001.6,5,7,23.2,16.3,0,0,1
8.1,14,50,26,28,69,41,1010.5,1012.5,8,8,9,13,4.2,1,0
3.5,16.8,28,6,9,93,58,1016,1013,5,8,8.2,15.4,0,0,0
7.4,11.6,28,9,13,89,85,1007.5,1008,8,8,8.8,10.2,0.8,0,1
8.7,19,35,6,11,87,77,1016,1014.2,1,8,12.4,16.3,0,0,1
17.3,20.6,54,22,33,53,47,1007,1008.6,3,8,20.4,19.3,0,0,0
18.4,20,24,11,13,95,93,1011.2,1008.9,8,8,19.4,19.4,10.6,1,1
16.1,26.1,35,7,11,83,55,1012.8,1011.1,6,8,18.4,21.8,24.6,1,1
15.9,28.1,33,9,7,71,52,1013.3,1013.4,7,3,19.5,26.3,0.2,0,0
18.1,22.3,33,7,15,57,80,1011.7,1013.5,7,8,20.1,16.8,0,0,1
21.6,36.5,46,11,11,50,33,1009.9,1004.5,1,6,25.8,36.3,0,0,0
18.4,34.7,54,7,9,61,36,1007.6,1003.9,5,2,23.1,32.3,0,0,0
14.9,20.2,67,7,26,81,82,1015.7,1009.7,8,8,17.8,18.6,2.6,1,1
18.3,22.2,46,24,20,84,84,1013.1,1015.4,8,7,22.2,17.1,10.4,1,1
7,21.5,28,7,13,92,53,1017.9,1014.2,2,1,10.9,19.1,0.2,0,0
10.9,23,30,7,15,72,60,1013.6,1013.4,8,8,15.9,20.1,0,0,0
10.7,26.6,19,4,11,72,39,1027.3,1022.8,1,1,16.7,25.3,0,0,0
14.4,24.8,17,7,9,80,53,1013,1009.1,7,8,17.4,23.3,0,0,0
10.6,14.6,26,11,11,90,79,1010.7,1010.3,8,8,11.7,14.2,7,1,1
6,16.9,30,2,13,89,48,1020.8,1019.4,8,8,9.9,15.5,0,0,0
5.7,20.5,31,2,15,83,48,1023.9,1021.4,7,3,10.2,19.3,0,0,0
6,21.4,26,0,13,79,53,1024.8,1022,2,1,13.2,20.5,0,0,0
7.9,26.5,28,6,17,66,28,1017.8,1015.2,5,7,16.7,24.9,0,0,0
7.9,15.8,17,0,2,92,77,1024.2,1024.4,8,7,12.1,15.6,0.2,0,1
11.3,15.7,41,15,22,96,65,1015.3,1013.6,8,8,14,15,9.8,1,1
1.9,11.6,22,0,15,100,82,1015.8,1013.7,8,8,6.1,11.2,4.6,1,1
6.1,13.7,39,11,15,97,79,1012.2,1010,8,8,9.6,12,7.4,1,1
9.1,14,50,19,17,90,76,1010.7,1009.9,7,8,9.4,12.2,1.4,1,1
3.5,14.9,31,11,9,100,71,1015.9,1014.4,7,5,7.8,14.6,1.6,1,0
1.4,13.1,31,2,15,100,62,1018,1016,8,8,5.6,12.4,0,0,0
0.6,15,28,4,19,100,63,1020.4,1018,8,7,5,13.3,0.2,0,1
2.9,14.6,20,2,15,99,72,1020.3,1016,8,8,8.5,14.3,1.4,1,0
4.2,19.3,22,0,7,100,57,1030.3,1026.1,7,1,7.8,19,0,0,0
7.8,15.2,26,11,9,98,91,1026.6,1024.9,8,8,11.2,14.4,0.6,0,1
11.2,17.6,30,6,13,100,82,1026.2,1022.7,7,8,13.9,17,16,1,1
10.3,15.4,35,19,7,99,98,1015.9,1011.5,8,8,14.6,15.3,19.4,1,1
8.5,16.9,39,19,20,95,64,1020.1,1021.5,8,8,12,15.1,1.2,1,0
4.9,11.8,28,13,6,100,100,1011.4,1008.4,8,8,10,11.5,15,1,1
4.3,12.2,11,0,6,100,90,1009,1009.4,8,8,7.2,12,3.6,1,0
0.3,10.4,11,0,2,100,83,1014.1,1011.9,8,7,4.5,10.2,0.2,0,0
3.1,15.5,15,2,11,100,63,1016.5,1016,5,6,7,14.5,0.6,0,0
2,13.1,26,0,7,84,85,1026.9,1023.2,8,8,7.8,10.6,0,0,0
2,12.9,20,0,9,100,82,1026.8,1024.8,8,7,7.4,12.5,0,0,0
3.1,14.8,15,0,11,100,69,1025.7,1022.2,8,5,5.2,13.6,0,0,0
1.9,15.4,48,9,19,83,59,1016.4,1011.5,8,8,8.9,14.1,0.2,0,0
8.4,12.2,72,30,20,73,56,1011.7,1014,8,1,9,11.5,0,0,1
4.8,13.3,35,11,20,83,60,1021.6,1019.8,8,8,7.8,12.7,1.6,1,1
6.1,13,39,11,7,91,74,1028.1,1027.4,8,6,8.2,11.5,2.2,1,1
4.6,13.9,26,6,17,100,61,1033.4,1032.5,4,3,7.6,13.2,2.6,1,0
1.5,15.8,19,4,7,100,64,1032,1028.3,3,8,5.1,14.4,0,0,0
5,14.8,17,0,7,100,74,1029.4,1026.1,5,6,8,14,0,0,1
8,14,33,9,7,100,90,1025.2,1022.7,7,8,11.1,13,5,1,1
11.1,14.6,37,11,9,86,89,1022.1,1020.9,8,8,13.7,14,5,1,1
10.1,15.5,20,7,6,100,85,1024.6,1022.3,6,8,11.2,14.5,2.4,1,1
11.1,18,24,7,13,100,78,1022.1,1018.8,8,8,13.1,17.1,2,1,0
13.5,17.3,52,26,26,83,69,1010.3,1008.7,8,8,15.2,15.7,33.6,1,1
8.3,11.9,52,9,19,89,78,1006.5,1005.2,8,8,9.7,8.8,4.4,1,1
4.5,11.2,35,11,15,92,65,1016.6,1014.9,7,7,4.7,9.2,7.2,1,0
4.4,11.7,31,9,9,76,73,1018.6,1017.5,6,8,7.6,10.2,0,0,0
3.4,12.4,30,7,17,100,73,1023.7,1023.8,8,1,6.6,12.2,0.6,0,0
3.5,12.8,17,7,11,98,63,1029.4,1027.2,8,7,5.9,11.7,0,0,0
6.2,17.7,52,9,19,87,70,1021.6,1018.5,7,8,12.4,15.9,5,1,0
5.7,13.2,24,0,17,100,90,1021.4,1021.4,8,8,9.7,11.1,0.2,0,0
5,14.5,17,0,4,100,72,1025.8,1023.4,8,2,5.6,13.9,0,0,0
2.8,14.3,13,4,9,100,65,1024.3,1020.3,7,1,7,13.8,0,0,0
7,15.9,52,0,24,87,55,1016.3,1012.1,8,8,10.1,14.2,0,0,1
4.7,10.4,43,13,17,87,83,1018.6,1014.5,1,8,6.3,9.3,1.2,1,0
6.3,13.1,48,15,19,89,62,1015.3,1015.6,8,3,8.4,12,1,0,1
7.4,13.3,26,13,15,96,85,1017.6,1014.5,8,8,8.1,11.7,1.6,1,1
8,13.6,37,24,20,74,68,1009.2,1010,8,8,12.5,13.1,2.8,1,0
3.4,11.5,28,7,11,94,89,1014.4,1010.7,8,8,7.6,10.2,0.4,0,1
2.6,11.2,20,9,11,95,85,1019.8,1016.6,8,8,7.2,10.4,0,0,1
2.9,15.6,20,9,13,100,58,1019.2,1014.9,8,8,5.8,14.9,0,0,1
4.6,14.5,41,17,15,79,57,1015.8,1014.9,8,8,9.1,12.6,1.2,1,0
6.4,14.4,44,9,15,78,58,1010.9,1011.5,8,8,10.4,14,3.8,1,0
2.2,11,28,11,11,94,67,1018.4,1015.5,8,8,6.4,10.4,0.2,0,1
6.4,11.9,44,15,17,89,85,1012.6,1010.6,8,8,8.7,10.7,4.2,1,1
8.6,12.3,44,22,19,94,94,1011.6,1011.9,8,8,10.1,11.4,8.8,1,1
6,15,22,9,0,100,75,1023.3,1023.8,8,8,9,13.6,4.2,1,0
8.1,16.2,24,7,15,87,64,1026.6,1024.4,8,8,11.8,15.1,0,0,0
9.5,17.1,28,2,9,76,61,1025.9,1023.4,8,8,12.2,16.3,0,0,0
9.8,20,57,11,26,84,51,1018.8,1011.4,5,1,15,19.4,2.8,1,1
13.6,20.9,22,7,7,82,61,1026.6,1023.4,8,8,16.7,20.8,0,0,0
6.2,16,35,15,26,79,64,1013.7,1012,7,7,9.8,14.5,0.4,0,0
7.7,13.6,30,7,9,93,99,1012.7,1006.8,7,7,10.9,12.1,3.2,1,1
10.8,18.4,35,7,22,100,82,1002.2,999.6,8,8,13.4,16.5,37.4,1,0
11.2,18.7,70,11,11,92,76,1003,999.6,8,8,13.3,16,0.2,0,1
7.7,14,39,20,20,79,67,1008.7,1007.6,5,8,9.7,12.8,1.2,1,1
7.3,14.9,43,22,19,87,72,1009.1,1010.7,8,6,9.4,13.6,2,1,0
10.3,16.7,70,35,35,84,50,1006.6,1011.3,8,6,10.3,15,0.8,0,1
15.8,17.2,72,17,30,87,56,1002.9,1008,8,8,16.3,15.7,1.6,1,1
4.6,15.5,44,15,24,77,49,1018.4,1018.5,1,7,8.1,13.7,2.2,1,0
11.2,17.7,69,26,46,62,43,1006.3,1012,8,1,13.9,14.8,0,0,0
13.3,18.2,46,17,20,90,87,1008.4,1010.5,8,8,13.8,14.6,2.6,1,0
7.9,16.5,56,26,22,62,37,1017.6,1019.2,6,8,10.1,14.2,0.4,0,0
10.5,21.3,43,20,24,52,50,1018,1015.8,8,1,14,19.4,0,0,1
10.6,17.1,46,17,26,57,61,1020.7,1019,8,8,14.1,15.9,5.8,1,1
12.1,18.6,46,11,26,75,65,1015,1011.4,8,8,14.3,17.1,4.4,1,0
10.1,17.2,31,13,22,86,55,1015.7,1015.1,8,8,11,15.3,0.4,0,0
8.2,21.5,35,9,15,69,48,1016.4,1014.9,5,7,14.4,19.7,0,0,0
16.8,27.2,31,2,11,63,50,1010.3,1007.7,6,1,19.5,25,0,0,0
21.5,23.7,54,9,7,62,93,1004,1002.3,1,8,22.9,18.3,0,0,1
10.1,17.5,56,20,28,90,60,1000.8,1001.3,8,6,10.1,14.6,29.4,1,1
12.1,22.4,44,19,30,60,35,1008.7,1008.1,5,5,15,20,0,0,0
10.9,24.5,43,20,19,43,33,1010,1008.8,1,5,17.5,22,0,0,0
18.3,23.9,37,20,19,93,68,1010.7,1011,8,3,18.3,20.8,5.2,1,1
16.7,27.7,31,6,20,61,22,1006.1,1005.8,1,1,22.3,26.4,0,0,0
18.9,30.6,44,6,15,40,32,1003.1,999.1,8,8,22.3,27.5,0.2,0,0
16.9,29,31,17,15,48,38,1020.8,1019.1,8,1,21.1,26.8,0,0,1
20.1,23.4,41,20,15,84,86,1010.8,1006.7,8,8,20.5,20.7,2.8,1,1
19.2,23.1,20,13,13,99,98,998.9,994.8,8,8,20.1,22,21.8,1,1
15.3,33.4,35,6,17,72,32,1010.2,1005.8,4,2,19.4,30.6,0,0,0
11.6,22.8,46,13,24,80,30,1010.1,1011.4,8,1,13.6,21.4,1.6,1,0
16.4,27.7,31,15,17,58,47,1020.2,1019.2,2,8,19.6,26.3,0,0,1
17,27.2,50,0,7,94,54,1020.9,1018,8,6,18.5,25,8.8,1,0
19.7,31.5,28,13,7,76,44,1017.2,1013.9,1,7,22.1,29.6,0.2,0,0
16.1,32.6,41,2,19,76,35,1017,1014.4,6,3,21.6,32.6,0.2,0,0
19,30.1,31,6,19,90,33,1017.9,1015.2,8,1,20,29.1,2.8,1,0
9.4,25.1,37,7,13,77,47,1016.4,1015.1,8,8,14.9,23.2,0,0,0
12.8,27.8,31,4,19,87,42,1020.4,1019.7,6,1,17,25.2,0,0,0
14.4,21.9,24,2,9,83,78,1023.8,1021.4,8,8,17.4,21.2,0,0,1
17.4,26.2,28,9,15,100,68,1018.7,1016.1,8,8,18.3,23.4,16.6,1,0
17.6,25.8,20,6,7,92,56,1016.1,1013.1,8,1,19.2,25.2,0.4,0,0
13.8,19.7,22,6,9,86,98,1020.4,1020.8,5,8,18.3,17.1,0.4,0,1
17.6,21.6,17,0,9,94,81,1016.7,1016.9,8,8,19.1,21,1.6,1,1
14.9,19.6,48,11,9,95,88,1019,1017.7,8,8,14.9,17.7,9,1,1
14.5,23.3,30,9,9,100,67,1020.3,1018.9,8,7,16,21.3,16.8,1,0
12.8,24.9,30,6,7,79,41,1025.3,1021.2,5,1,16.5,24.1,0,0,0
15.8,18.2,20,9,7,96,85,1021.2,1018.4,8,8,16.1,17.9,5,1,1
15.7,17.6,20,11,13,100,100,1015.2,1010.5,8,8,16.5,17.3,12.4,1,1
16.4,24,30,7,15,100,68,1007.2,1005.8,8,8,17.5,23.7,66.2,1,0
7.9,21.5,37,0,19,89,57,1018.4,1014.3,8,8,12.6,20.2,0,0,0
3.8,16.4,24,0,17,86,49,1020.2,1018.1,4,7,10.6,15,0,0,0
12.3,22.5,31,6,13,82,52,1017.3,1013.9,3,1,16.6,21.8,1.6,1,0
11.1,22.8,41,0,24,90,46,1014.9,1012.5,7,1,14.7,22.1,0,0,0
10.4,22.6,52,0,13,94,65,1016.3,1009.7,8,8,14.8,22.2,0,0,1
10.5,18.1,28,17,11,89,58,1016.2,1015.7,8,2,11.9,17.4,15,1,0
5.1,14.5,26,6,11,83,52,1008.4,1002.3,8,8,8.5,14.1,0,0,1
8.4,12,30,6,19,96,82,998.4,998.4,7,6,9.5,12,3.8,1,0
7.9,15.1,39,24,22,77,53,1006.7,1009.2,3,4,9.9,13.5,0.4,0,0
9.1,15,30,17,11,78,60,1020.3,1020,8,8,11.2,14.3,0,0,0
3.3,17.8,17,0,7,74,61,1026,1021.7,5,1,8.9,17.5,0,0,1
8.9,13.9,22,4,13,99,97,1021.9,1019,7,7,11.6,13.4,2.6,1,1
4.9,18.8,20,0,9,88,65,1029.1,1025.6,6,8,9.8,18,0,0,0
6.1,18.5,15,2,11,99,62,1028.2,1025.3,8,8,10.7,18.1,0,0,0
6.5,19.5,11,0,7,87,66,1029.7,1026.2,4,1,12.9,19.2,0,0,0
9.2,18.7,11,4,6,98,70,1028.7,1025.5,7,8,11.3,18.4,0,0,0
7.8,19.6,33,0,13,95,68,1026.2,1022.6,8,1,11.3,19.1,0,0,1
10.1,20.5,19,6,13,100,68,1023,1020.7,8,8,13.9,19.9,4.2,1,0
9.4,20.3,15,0,7,100,77,1025.2,1022.8,8,6,11.9,19.2,0,0,0
8.1,20.4,19,6,7,100,80,1017.8,1014.4,3,8,12.2,16.6,0.2,0,1
11,19.1,22,2,13,100,72,1017.5,1015.7,7,3,13.9,17.9,1.4,1,0
7.7,18.8,15,0,11,100,77,1020.1,1018,1,2,11.5,18.3,0,0,0
12.4,17.5,63,13,20,68,95,1012.2,1006.4,7,8,17.4,14.2,0.6,0,1
10.6,14,26,13,15,93,88,1014.4,1015.9,7,8,11.9,13.5,36.4,1,0
8.8,17.5,13,6,2,100,64,1025,1023.5,8,1,11,16.5,0.4,0,0
5.5,18.7,22,4,7,98,67,1024.2,1019.4,6,8,10,18.1,0,0,1
10,14,24,9,6,95,95,1018.2,1017.9,8,8,12.7,13.7,8.2,1,1
10.1,15.8,26,7,11,99,79,1018.9,1016.8,8,2,11.4,15.2,2.2,1,0
11.4,13.8,30,15,15,89,82,1019.3,1019,8,8,11.6,13.6,0.6,0,1
7.9,12.2,20,0,9,100,100,1016.1,1013.2,8,8,10.3,12.2,3.6,1,1
1.7,11.7,43,0,9,100,98,1023.8,1021.8,7,8,5.7,10.6,0,0,1
5.7,13.8,22,11,0,95,77,1027.9,1028.7,7,1,8.7,12.2,6.8,1,0
4.2,11.3,13,7,0,100,84,1032.5,1030.2,8,4,6.4,11.2,0,0,0
5.8,12.2,52,20,28,80,86,1011.3,1003,8,8,11.9,11.9,0,0,1
5.7,12.2,67,24,35,95,70,1004.1,1002.1,8,8,5.8,11.7,8.6,1,1
5.8,13.2,48,20,22,86,73,1015,1016,8,8,9.8,12.3,7.6,1,1
9,12.4,44,17,24,78,74,1002,998.9,2,7,9.6,10.9,1.4,1,1
6.4,10.7,56,22,20,98,84,1004.9,1006.3,8,8,7.5,10.4,5,1,1
2,10.1,28,6,17,97,73,1019.9,1020.3,1,8,4.9,9.8,1.2,1,0
4.9,11.1,48,9,11,100,80,1027.8,1028.2,8,8,7.8,10.5,1,0,0
4.7,13.9,13,0,2,100,68,1028.8,1024.8,7,1,6.1,13.4,0,0,0
3.6,13.9,22,7,15,100,67,1021.8,1017,8,1,4.1,13,0.2,0,1
4.1,11.1,39,17,11,93,85,1016.3,1015.9,8,8,8.6,10.4,1.8,1,0
7.2,9.6,33,13,19,94,89,1016.2,1015.1,8,8,7.5,8.9,0,0,0
4.8,10.7,19,6,6,100,77,1018.4,1016.5,3,8,6.6,10.6,0,0,0
6.1,13.3,30,0,17,93,70,1016.7,1011.6,8,8,8.3,12.4,0,0,1
5,11.6,43,11,13,89,87,1003.2,998.8,7,8,6.9,8.4,3.8,1,1
6.7,10.5,35,19,17,87,91,1008.7,1010.6,3,8,7.8,8.5,9.8,1,0
7.1,11.3,28,9,13,91,86,1021,1019.5,8,8,7.7,9.9,0.4,0,1
7.4,12.3,39,9,28,98,59,1019.6,1020.6,8,6,7.8,11.2,4.4,1,0
-0.9,12.6,13,2,9,100,54,1034,1029.8,3,8,3.7,11.9,0.2,0,0
3.5,11.3,24,6,13,96,90,1022.7,1018.1,8,8,6,11,0.2,0,1
8.1,12.4,50,26,22,86,56,1013,1011.7,8,3,8.9,11.6,2,1,1
0.3,13.2,15,2,6,100,58,1027.5,1024.1,4,1,3.4,12,0,0,0
1,12.4,20,0,11,96,79,1019.8,1016.4,8,7,5.5,11.6,0,0,1
2.2,17.8,46,0,11,100,61,1021,1019.5,8,4,8.1,16.2,1.8,1,0
4.2,13.6,20,4,9,100,77,1025.4,1023.9,8,7,6.7,13.2,0.2,0,0
6.7,12.7,15,7,6,100,83,1027.3,1025.2,8,7,7.6,11.1,0,0,0
2.7,15,24,0,17,100,66,1022.5,1018.4,8,1,4.8,14.4,0.2,0,0
3,16.9,41,0,22,100,58,1018.4,1015.1,7,7,7.9,15.9,0,0,0
7.9,15.4,43,24,17,84,78,1017.7,1016.2,8,8,12.9,15,0,0,0
4.7,8.7,54,13,19,85,81,1010.3,1010.4,8,3,5.9,6.7,1,0,1
0.1,10.5,11,2,2,100,81,1035,1031.5,8,8,3.7,10,0.2,0,0
3.6,14.6,26,0,11,92,63,1032.2,1029.4,8,8,8.8,13.4,0,0,0
2,13.8,13,6,7,100,73,1032.6,1030.3,8,8,6.7,13,0,0,0
1.7,14.2,17,4,4,100,64,1031.6,1027.5,8,8,6.6,14,0,0,0
5.5,14.6,39,2,24,95,49,1023.3,1022.3,2,1,9,13.3,0,0,0
-1.3,12,20,6,2,81,41,1029,1027.3,7,6,4.6,11.5,0.2,0,0
0.9,15.3,15,4,6,87,64,1022.7,1018.1,2,8,7.1,15.1,0,0,0
6.6,11.6,22,9,13,75,89,1013.9,1011.5,8,8,10.6,11.5,0,0,1
7.6,18.3,30,6,20,81,52,1013.6,1013.2,7,8,11.1,17.5,6.6,1,0
4,18.7,52,0,7,86,54,1020.8,1019.8,4,6,10.3,17.4,0,0,0
3.8,17.8,26,6,13,93,67,1028.8,1025.6,8,8,9.4,16.3,0,0,0
2,17.3,13,4,9,100,47,1027.3,1024.1,8,7,6.8,15.2,0,0,0
4.7,20.2,30,17,15,63,39,1026.2,1024.1,4,3,14.7,19.8,0,0,0
4.6,20.5,43,9,17,83,40,1014.7,1008.8,8,8,11.5,19.4,0,0,0
6.6,15.6,61,17,35,79,73,1014.3,1014.6,2,8,10.8,10.4,1,0,0
0.2,16.3,24,2,9,70,49,1020.1,1017.2,5,7,8.2,15.5,0,0,0
11.7,18.4,78,20,17,66,82,1013.2,1006.8,8,6,15.1,15.9,0.2,0,1
7.7,16.5,35,11,13,85,63,1012,1013.2,4,8,11.6,16.3,12.4,1,0
10.1,17.8,54,20,28,70,61,1018.2,1017.4,7,8,14,16.7,0,0,0
3.2,20.1,33,9,19,100,47,1022,1018.4,8,3,8.9,18.1,0,0,0
4.8,20.7,28,7,17,81,46,1017.6,1012.2,5,8,12,19.7,0,0,0
7.8,19,37,13,11,68,64,1009.7,1008.4,3,8,13.6,18.1,0,0,0
6.8,16.1,48,9,28,74,54,1015,1013.9,3,5,11.7,14.7,0.2,0,0
12.7,21.8,30,17,7,93,60,1013.1,1012.8,8,2,13.5,21,41,1,0
6.8,17.8,28,9,6,93,67,1018.2,1016.9,8,1,10.1,16.6,0.6,0,0
12.9,29.9,72,6,15,73,27,1013.3,1006.9,8,7,16.3,29.4,0,0,1
11.7,18.6,65,17,24,76,50,1011.9,1012.8,8,8,13.9,17.3,9.6,1,0
7.6,23.6,19,0,11,82,49,1018.5,1014.8,4,6,11.5,22.7,0,0,0
14.8,19.3,48,13,33,79,56,1006.9,1007.5,7,5,16.5,15.6,3.4,1,1
7.3,18.1,41,11,17,87,61,1013.5,1015.7,7,8,9.6,13.9,3.2,1,0
14.5,32.1,31,2,15,70,31,1017.6,1013.6,6,2,20.3,31.5,0,0,0
14.3,22,67,7,30,81,52,1005.5,1006.8,4,5,16.1,20.9,0.2,0,0
15.2,21.7,59,22,35,43,37,1002.3,1005,8,1,21.5,20.7,0,0,1
9.6,27.9,41,9,6,63,18,1020.9,1015.5,6,7,15.7,27,0,0,0
7.8,25.8,30,9,13,62,25,1015.5,1013,2,2,15.7,24.7,0,0,0
14.2,37.9,52,6,31,47,15,1009.1,1006.9,2,8,23.5,33.4,0,0,0
17.5,24.3,37,6,15,61,37,1008.9,1008.9,8,8,19.2,23.6,0,0,1
14.6,21.1,52,28,33,89,52,1004.5,1007.3,8,6,14.6,20.1,24.4,1,0
11.8,34.6,56,6,22,57,13,1012.7,1006.2,5,7,18.7,33,0,0,0
19.8,26.6,69,11,17,52,81,1012.5,1008.9,8,8,25.6,22.3,0,0,1
10.1,22.8,44,17,24,63,34,1018.2,1017.6,1,1,14.3,21.4,27,1,0
20.6,32.7,44,20,17,49,36,1011.2,1006.8,6,8,24.9,31.1,0,0,0
20.5,32.4,57,20,6,55,69,1008.7,1004.1,6,8,25.4,23.7,0,0,1
14.8,25.8,31,4,13,70,67,1011.8,1011.7,7,7,19,22.6,0,0,1
16,26.3,43,9,11,65,59,1005,1003.7,3,8,21.5,22.7,0.8,0,1
15.7,23.7,31,17,13,73,78,1005.6,1004.2,8,7,18.3,18.5,4.4,1,1
15,29.7,33,7,20,72,37,1012.4,1007.5,8,7,19.7,28.2,0,0,1
15.8,27.4,54,17,33,64,52,1009.7,1010.6,5,8,20.4,21.4,1.4,1,0
13.1,29.1,28,7,11,62,34,1012.7,1009.4,5,8,20.1,27.1,0,0,0
21.2,33.4,41,13,26,68,27,1010.8,1007,8,2,23.9,31.6,0.6,0,0
16.2,31.7,28,11,13,52,30,1016.3,1010.3,2,8,22.7,29.4,0,0,0
26,33.1,41,7,7,46,37,1013.6,1012.1,8,5,27.4,30.9,0,0,0
20.4,26.4,30,9,20,94,65,1009,1007.4,7,8,20.8,25.5,5.4,1,1
19.7,21.7,24,7,13,97,95,1010.9,1010.3,8,8,20.3,21.4,7,1,1
18.1,27,39,20,13,47,95,1006.7,1000.9,7,8,24.1,20.5,0,0,1
17.9,28.1,50,15,22,96,53,1000.4,1000.2,8,8,18.3,25.2,46.8,1,0
18.1,28.8,35,6,11,75,49,1009.8,1009.2,7,6,20.7,26.8,8.4,1,0
20.2,36,63,13,13,56,33,1007.6,1002.8,2,8,26.2,34.4,0,0,1
20.1,30.8,28,0,13,76,46,1005.4,1002.8,8,8,24.3,29,15.8,1,0
16.6,27.5,50,22,24,53,34,1013.9,1012.2,3,2,20.7,26.2,0,0,0
19.6,38.8,41,4,9,74,21,1018.7,1014.9,8,3,22.3,36.2,0.2,0,0
19.3,24.7,31,9,9,63,96,1019.6,1018,8,7,22.4,19.9,0.2,0,1
16.9,30.9,24,11,9,86,43,1016.5,1014.1,1,1,20.2,29.7,10.6,1,0
19.7,28.2,50,9,17,76,53,1018.2,1016.4,7,8,20.8,26.8,0,0,1
17.6,30.3,24,7,9,60,44,1014.3,1010.8,1,5,21.6,28.9,0.2,0,0
18.1,35.1,37,9,20,65,16,1008.4,1004.9,8,3,20.7,34.3,0,0,1
16.5,32,30,6,15,59,33,1014.5,1011.9,8,5,19.8,30.2,0,0,0
11.2,22.3,43,15,7,55,49,1011.5,1010,8,8,14.7,20,0,0,0
14.5,29.6,33,4,19,63,27,1011.3,1007,8,7,16.8,28,0,0,1
16.4,31.9,46,9,20,61,35,1013.7,1008.6,5,7,22,30,0,0,0
14.5,25.1,37,11,24,75,33,1012.2,1010.8,2,1,16.1,24,0.4,0,0
7.8,19.4,46,13,22,58,33,1019.2,1019.2,8,2,12.9,18.4,0,0,0
15.1,26.4,37,6,26,57,23,1016.7,1016.7,8,6,21.3,24.2,0,0,0
11.5,23.8,30,6,11,57,51,1019.8,1016.3,7,8,16.3,22.6,0,0,0
10.8,21.1,26,6,9,68,44,1007.3,1005,7,6,15.6,19.7,0,0,1
11.8,19.9,37,6,19,83,60,1008.3,1006.8,7,8,14.2,18,8.8,1,1
8.2,23.7,19,4,4,66,42,1023.7,1018.8,4,1,16,22.2,0,0,0
10.3,21.8,24,6,19,77,53,1022.3,1019.6,7,8,14.1,21,0,0,1
12.7,24.2,39,9,13,85,62,1022.1,1019.3,8,6,16.1,22.5,3,1,1
15.1,17.7,19,9,6,82,98,1023.8,1019.1,8,8,15.8,15.4,0.2,0,1
15.2,19.9,35,9,13,94,98,1015.9,1012.3,8,8,17.5,17.2,35.8,1,1
9.9,17.4,35,20,17,71,49,1021.1,1023.1,3,7,12.6,15.8,15.8,1,0
12.7,24,30,6,9,83,53,1014.6,1009.9,8,8,15.2,23.1,0.2,0,1
15.2,20,26,7,17,94,56,1007.2,1005.3,8,8,16,19.4,3.6,1,1
10,16,26,7,15,97,71,1008.1,1006.8,8,5,12.8,15.7,7,1,1
7.1,19.7,37,4,24,100,48,1014.1,1013.7,8,5,9.2,18.9,2.6,1,0
5.8,17.8,28,9,7,78,47,1022.1,1020.7,1,5,11.2,16.4,0.2,0,0
5.5,20.5,65,6,35,86,36,1005.9,1005.2,8,8,11.9,17.6,0,0,0
6.7,14.7,35,19,19,84,58,1021.1,1019.3,8,6,9.7,13.2,0.2,0,0
6.1,13.8,28,9,11,74,62,1022.6,1020,8,8,10.1,13,0,0,0
9.9,15.4,39,15,24,91,71,1018.6,1015.9,8,8,11.8,14.2,0.8,0,1
10.4,14.3,72,19,30,87,83,1009.6,1005.4,8,8,10.6,12.6,2.8,1,1
9.9,18,50,26,28,97,52,1011.9,1013.2,8,8,12.4,16.4,9.2,1,0
11.2,17.2,44,20,24,91,64,1015.4,1012.1,8,8,12.2,15.8,0.8,0,0
4.5,13.5,43,19,31,79,48,1020.8,1022.4,5,2,6.1,11.8,0.6,0,0
6.7,17.4,57,2,13,95,95,1017.6,1011.8,8,8,10.4,13.1,3.4,1,1
10.3,17.6,26,11,17,89,69,1014.4,1014.5,8,8,14.9,16.9,12.8,1,0
5.7,14.7,20,0,17,100,74,1025.2,1022.3,7,8,8.8,14,0.2,0,1
7.4,18.7,33,15,20,96,70,1022.7,1018.1,8,4,11.7,18.5,3.2,1,1
9.1,15.8,30,0,13,100,64,1022.6,1021.8,1,7,11,14,11.2,1,0
5,15.4,31,2,19,95,52,1024,1020.2,8,8,8.8,13.7,0,0,0
8.4,14.5,33,6,17,80,64,1018.4,1013.9,8,7,9.6,13.8,0,0,1
-1.2,9.9,17,4,11,99,76,1023.5,1018.6,8,8,2.6,9,0.2,0,1
2.3,10.9,15,7,7,100,81,1030.4,1026.2,8,6,5,10.6,0,0,0
4.3,15,37,19,19,83,50,1021.1,1023.2,8,2,12.2,12.6,0,0,0
0.3,15.3,11,0,7,100,67,1032.1,1027.7,7,6,5.1,14.8,0,0,0
2.4,15.7,15,0,9,100,72,1029.3,1025.9,2,6,6.1,14.4,0,0,0
1.8,14,17,0,6,100,70,1027.4,1023.5,4,8,5.9,13.9,0.2,0,1
5.9,14.4,19,6,6,100,100,1019.9,1016.4,8,8,11.3,14.2,14.6,1,1
11.3,12.6,20,2,6,100,100,1010.9,1009.1,8,8,12.2,12.6,11.6,1,1
9.9,11.1,15,0,0,100,100,1016.2,1015.6,8,8,10.4,10.7,22.4,1,1
7,14,15,2,11,100,91,1022.1,1020.6,8,8,9.8,13.6,7.2,1,0
8.2,13.4,17,11,7,100,76,1026.1,1026.8,8,4,8.8,12.2,1,0,0
2.3,13.2,19,0,6,100,68,1035,1032.2,7,5,6.1,11.3,0,0,0
5.6,12.4,20,0,7,90,65,1034.3,1032.8,1,1,7.3,11,0.2,0,0
1,8.6,15,9,7,99,85,1029.7,1028,8,8,5,8.2,0,0,0
1.1,11.6,24,0,13,94,56,1026.3,1023.8,8,8,2.6,10.3,0,0,0
0.7,11.8,13,0,6,91,59,1023.9,1020.8,8,8,3.6,11.6,0,0,0
3.6,10,17,0,9,84,70,1019.2,1017.8,8,8,8.2,9.7,0,0,0
-0.5,13.2,17,0,11,92,61,1030.1,1025.3,3,2,3.3,12.6,0,0,1
3.3,14.2,24,6,13,94,69,1020.4,1017.2,8,8,9,13,1.8,1,1
8,13.9,43,13,19,85,80,1012,1005.2,7,8,11.2,12.5,2.4,1,1
5.1,11.3,30,6,17,95,81,1005.9,1004.3,8,8,5.9,8.6,5.4,1,1
4.4,6.8,30,13,11,96,93,1016.6,1017.1,8,8,4.7,6.4,10,1,1
-0.3,15.9,28,0,19,95,56,1032.4,1026.3,8,7,4.6,15.2,0,0,1
4.5,13.5,48,20,19,89,83,1023.2,1022.5,8,8,10.4,12.1,3,1,1
6.5,13.6,35,17,24,82,55,1019,1017.1,8,1,9.2,12.8,5.8,1,1
8.2,11.8,54,17,33,87,55,1016.5,1017.1,8,8,8.6,11,3,1,0
1.4,13.8,26,0,13,86,67,1036,1033.5,7,8,6.3,12.5,0,0,0
1,12.2,17,9,2,99,73,1035.6,1031.2,8,8,4.5,11.2,0,0,0
3.3,12.5,30,6,19,90,64,1026,1021.1,6,8,7.1,11.9,0,0,0
3.8,10.3,17,9,0,99,98,1015.4,1014.8,7,7,8.8,10.2,1.2,1,1
7.2,11.9,35,13,20,99,60,1013.4,1014.6,8,8,8.7,11.2,27.2,1,1
2.2,11.5,46,24,22,94,71,1014.2,1012.2,8,2,7.2,10.9,4.2,1,1
2,10.9,20,13,13,87,73,1019.9,1020.6,8,8,5.2,10.2,1.4,1,1
5,12.6,52,9,9,100,67,1025.6,1023.7,8,8,7.6,12.1,1.4,1,0
1.3,14,44,2,9,99,64,1026.2,1023.3,8,1,5.1,13.3,0,0,0
0.8,11,13,4,9,100,74,1024.3,1019.8,8,8,4.9,10.8,0,0,0
3.8,15.1,31,9,19,99,58,1016.4,1011.6,7,8,7.3,14.3,0,0,1
1.8,9,28,6,9,86,86,1003.9,1005,8,8,7.7,7.3,0,0,1
1.7,12.3,33,15,15,90,78,1019.2,1020.1,4,8,7.5,11,5.4,1,0
4.2,12.8,13,6,7,93,75,1027.2,1026.6,8,8,8.6,12.5,0,0,0
1.7,15.9,30,6,19,100,55,1028.5,1023.8,8,7,5.5,14.6,0.2,0,0
5.5,14.2,43,17,19,82,64,1018.3,1015.8,8,5,9.8,13.4,0,0,0
2,16.4,37,7,11,81,59,1024.2,1020.1,8,8,9.6,16,0,0,1
7.9,20.7,24,2,11,92,52,1017.8,1016,3,1,12.9,19.9,1.4,1,0
8.9,17.7,15,2,9,89,59,1020.3,1018.6,7,8,11.3,16.9,0.8,0,0
7.5,13.5,35,13,19,76,78,1018.6,1015.7,8,8,11.9,12.2,0,0,1
8.8,11.7,35,9,11,87,91,1020.7,1022.3,8,7,10.1,9.7,15.2,1,1
5.8,15,19,7,9,65,60,1025.5,1022.2,8,8,11.7,14.8,15.2,1,1
9.8,15.8,44,11,31,94,73,1020.7,1017.9,8,8,10.7,12.3,10.6,1,0
4.2,16.2,24,0,15,99,55,1023.4,1021.5,8,2,7.7,16.1,0,0,0
3.2,17.6,22,6,11,99,59,1024.3,1020.7,8,6,7.2,17.5,0,0,0
5.2,16.4,33,6,22,90,58,1022.8,1018.7,8,3,8.7,16,0,0,1
8.2,13.6,50,15,28,76,53,1019.6,1018,8,2,9.9,12.7,1.6,1,0
6.1,14.9,43,11,20,94,63,1020.8,1018.6,7,3,7.9,14.1,1,0,0
13.3,18,54,28,28,73,49,1013.9,1015.3,7,1,14.8,17.2,0,0,0
6.4,20.9,35,0,17,82,50,1019,1014.9,8,3,12.6,20.5,0,0,0
10.2,23.1,17,7,11,66,53,1035.2,1032.2,7,7,14.8,20.6,0,0,0
15.4,22.1,37,7,11,85,76,1022.2,1019.2,8,8,16.9,20,0.4,0,1
13.1,29.6,22,2,15,79,52,1021.2,1019.2,8,7,18.2,25.8,0,0,0
16,29,33,6,20,82,46,1023,1022.8,8,8,19.1,25.3,0,0,0
16.6,24.7,43,7,26,80,66,1012.3,1011,8,8,20.8,22.2,1.6,1,0
14.1,24.6,33,13,9,59,41,1020.8,1018.5,8,8,16.9,22.5,0.2,0,0
17.4,25.9,48,19,22,55,41,1014.7,1014.2,1,1,19.9,24.9,0,0,0
17.1,21.7,28,15,19,90,77,1017.3,1015.1,7,8,18.2,19.2,5.4,1,1
15,27.3,57,13,19,90,50,1014,1006.6,8,8,17.7,26,15.2,1,1
15.9,27.1,44,11,24,82,43,1010.9,1009.7,8,6,19.2,25.1,22.8,1,0
16.6,21.6,39,19,17,76,83,1008.8,1006,8,8,19.2,20.6,6.6,1,1
15.2,25.1,39,6,17,90,59,1008.7,1006.9,7,4,18.2,24.4,4.2,1,1
12.1,23.4,37,19,20,64,43,1013.9,1013.3,3,1,15.6,22.2,1.8,1,0
17.8,28.3,31,6,20,64,46,1017.5,1015.7,5,8,21.8,26.6,0,0,1
17.9,28.2,50,7,22,78,49,1016.7,1012,8,8,20.7,26.3,10.6,1,1
12.3,31,35,9,7,67,25,1018.4,1013.2,4,4,18.8,29.6,0,0,0
17.8,34.3,56,6,24,46,28,1009.4,1006.7,1,7,27.3,32.9,0,0,0
17.7,30.1,43,15,26,45,28,1007,1006.6,6,5,24.1,27.3,0,0,0
14.4,34.1,26,7,9,50,18,1021,1016.9,8,7,23.5,33.3,0,0,0
21.6,33.6,31,7,13,55,35,1016.3,1013.5,8,7,23.3,30.5,0,0,0
21.1,30.7,52,11,24,81,58,1014.5,1011.4,8,7,21.4,26.7,0.8,0,1
15.6,33.2,24,6,11,47,19,1013.4,1012.4,8,6,20.5,30.8,0,0,0
20.8,40,35,6,11,50,17,1013.5,1008.7,8,1,26.7,38.8,0,0,0
18.8,23.1,52,20,24,89,71,1004.4,1005.1,8,7,19.2,19.8,3.2,1,1
17.3,36.6,26,7,13,53,17,1016.3,1012.6,6,3,23.2,35.1,0,0,0
20.4,37.6,54,0,7,46,17,1013.4,1009.2,7,3,26.1,36.7,0,0,0
20.9,33.6,50,9,17,54,30,1011.1,1008.4,8,8,24.8,31.7,0.4,0,1
18.4,23.1,48,11,39,62,67,1014,1014.8,8,8,21.8,19.5,2.2,1,1
17.3,23.7,39,9,17,74,65,1017.9,1016.5,8,8,19.2,21.6,15.6,1,1
15.5,22.9,31,6,9,92,63,1016.3,1013.9,8,8,17.2,22.2,6.8,1,0
17,28.1,39,9,11,76,52,1014.6,1012.6,8,8,20.3,25.7,0.2,0,0
26.8,30.2,50,9,24,50,39,1010.5,1015.5,8,8,27.2,21.4,0,0,0
23.4,33.9,39,13,7,23,24,1010.1,1009.3,8,8,30.2,31.5,0,0,0
20.4,38,56,9,35,62,22,1009,1007.2,8,8,24.8,33.4,0,0,0
22.8,28.1,39,9,2,67,89,1008.8,1007.4,7,8,24.2,21.7,0,0,1
18.5,25.7,37,9,17,96,65,1014.9,1010.5,8,8,18.9,23.2,19.4,1,1
17.7,31.7,35,0,13,83,47,1008.1,1002.8,7,1,20.8,30.4,4.2,1,0
17.1,24.2,48,7,24,77,72,1000.7,1003.4,7,7,20.7,16.1,0,0,0
13.8,24.2,48,17,26,79,48,1003.9,1002.2,8,6,16.9,22.5,7,1,1
13,26.1,28,17,13,88,47,1004.2,1003.2,8,2,14.7,24.2,28.6,1,0
19.8,25.8,31,6,13,67,74,1002.8,1004.4,7,8,22.4,22.6,0,0,0
22.5,40.9,54,7,30,43,15,1012.2,1008.1,4,1,28.3,40.1,0,0,0
22.4,36.4,43,7,15,38,36,1009.6,1009.1,8,7,28.3,32.3,0,0,0
16.7,35,50,9,7,37,24,1019.4,1016.2,7,8,25.3,33.2,0,0,0
20.5,37.1,46,6,11,54,29,1019.8,1017.2,8,8,25.7,34.1,0,0,0
18.7,38.3,39,9,20,49,24,1018.9,1015.4,1,2,25.7,35.2,0,0,0
24.6,36.8,41,4,9,54,27,1018.9,1015,8,5,26.1,35.5,0,0,0
20,32.3,46,9,20,70,43,1017.5,1015.1,2,8,24.5,30.6,0.6,0,1
20,34,28,7,7,80,45,1019,1016.9,8,4,23.1,32.5,6.6,1,0
12.7,24.2,31,20,17,50,29,1018.2,1016.5,6,1,15.3,23,0,0,0
14.2,25.1,20,0,13,69,47,1020.3,1017.8,5,6,17.8,24.3,0,0,0
15.5,28.4,35,0,22,85,39,1018.7,1015.9,2,1,16.6,26.9,0.2,0,0
11.4,19.7,17,0,9,66,64,1023,1021.8,5,4,13.7,16.7,0,0,0
10.6,25.7,28,9,11,72,36,1021.8,1017.9,1,2,16.5,24.8,3.8,1,0
12.8,23.6,31,7,13,97,46,1022.6,1019.9,8,3,16.5,23,3.6,1,0
11.7,28.5,28,0,13,70,32,1022.9,1018.9,8,2,15.7,27.4,0,0,0
12.1,26.9,59,2,7,68,92,1019.2,1017.5,1,8,17.3,17.6,0,0,1
16.8,23.4,30,2,19,100,64,1018.1,1015.1,8,8,17.9,22.5,8.6,1,1
13.2,20,63,30,28,74,46,1012.1,1013,3,4,16.7,17.7,4,1,0
3.8,16.9,26,7,15,88,44,1017.8,1014.4,5,8,9.7,16.1,0,0,0
10.5,20.3,19,7,9,73,45,1021.5,1017.6,8,1,12.7,19.6,0,0,0
13.9,18.2,41,13,26,100,98,1014.6,1008.6,7,8,14.7,16.1,13.2,1,1
14.7,18.3,54,17,4,90,73,1003.4,1000.7,8,1,17.9,17.6,46,1,1
13.4,17.3,54,22,22,85,69,1005.2,1008.4,8,8,14.8,16.9,13.4,1,1
9.3,15.8,43,13,24,82,63,1017.6,1015.4,7,8,11,14.5,2.2,1,1
10.8,17.2,44,17,19,96,86,1016.3,1017,8,8,14.4,15.8,2,1,0
8.7,20.3,48,0,11,91,64,1025.5,1021.6,6,8,12.6,19.4,0,0,0
6.3,20.4,26,0,13,100,47,1021.5,1017.4,8,1,10,19.2,0,0,1
8,17.3,24,4,11,80,57,1020.6,1018,4,8,12.6,16.3,0,0,0
8.3,17.3,39,0,17,82,63,1019.7,1016.5,8,8,12.1,16.4,0,0,0
10.4,15.8,59,28,26,75,55,1018.6,1018.5,8,8,13.5,14.9,3,1,0
8.2,16.2,33,9,20,90,57,1021.5,1018.9,5,1,10.4,15.5,0,0,0
2.5,14.8,19,0,11,99,72,1019.5,1014.8,8,5,7,13.7,0,0,1
6.9,14.1,31,7,15,100,84,1005,1002.3,8,8,10.5,13,15.2,1,1
0.5,14.1,24,6,9,99,54,1020,1019.8,8,5,5.2,14,0.2,0,0
4.7,13.6,28,7,0,73,76,1025,1021.8,8,8,10.4,11.8,0,0,1
9.8,14.9,30,13,15,95,92,1015.2,1008.3,8,8,11.6,13.5,11.6,1,1
10.8,14.6,35,6,9,97,89,1006.9,1002.4,8,8,12.9,14.2,11.6,1,1
7.2,12.3,31,11,17,99,80,1004.9,1004,8,8,9,11.6,1.2,1,1
9,12.6,37,17,15,92,81,1004.3,1004.9,8,8,9.8,11.6,3.6,1,1
9.8,14.6,35,9,17,88,76,1013.1,1010.1,8,8,11.4,14,1.8,1,1
11.4,15.7,48,17,13,80,78,1005.5,1006.7,8,8,14.2,13.5,7.2,1,1
10.5,13.8,28,15,19,89,64,1020,1020.3,8,6,10.9,12.5,3,1,1
4.1,15.9,24,13,9,97,83,1014.7,1013.5,8,8,12.9,14.8,7.6,1,0
9,17.6,15,0,7,100,71,1018,1017.1,7,8,10.2,16.2,0.2,0,0
10,16.6,35,7,22,90,83,1000.1,998.4,8,8,11.9,13.9,14.4,1,1
8.8,11.6,41,9,24,89,84,1004.9,1003.4,7,8,10.4,10.4,1.4,1,1
9.1,13.7,43,24,20,89,68,1005.9,1008.4,8,7,10.6,12.5,12.6,1,0
9,13.2,63,13,17,85,73,1010.3,1005.4,7,8,10.4,12.5,0.2,0,1
6.6,8.2,48,28,26,87,85,1004.8,1007.6,8,6,7,7.5,4,1,1
2.1,10.6,28,0,20,100,68,1019.5,1018.7,8,8,2.5,9.9,0.2,0,0
2.5,11.8,17,7,6,100,80,1026.9,1026.6,8,8,6.2,10.9,0.2,0,0
6.2,13.5,15,9,9,99,75,1029.8,1026.4,8,8,9.5,13.1,0.8,0,0
3,11.2,59,15,13,90,82,1019.3,1013.2,8,8,8.5,9.6,0,0,1
5.2,11.4,26,9,7,96,76,1019,1021.4,8,8,7.3,11.1,11.4,1,0
7.2,12.5,17,0,11,88,86,1027.7,1026.4,8,8,9.3,11.6,0.4,0,0
7.9,12.7,20,6,13,100,82,1027.5,1024.7,8,7,9.7,12.6,0.2,0,0
8.2,11.7,19,0,13,97,70,1021.1,1016,8,8,9,11.6,0.2,0,0
6.7,10.6,19,0,7,92,99,1011.2,1008.6,8,8,7.8,8.9,1,0,1
6.5,11.8,17,2,2,96,94,1022.7,1020.8,8,8,9.2,11.5,0.2,0,1
7,15.8,13,0,9,100,76,1025.5,1023.1,8,8,9,13.9,2,1,0
6.2,14,28,0,15,100,74,1023.8,1018.9,3,6,9.1,13.4,0,0,1
9.1,16.2,44,22,19,82,52,1009.3,1007.9,8,1,12.8,15.7,16.6,1,0
3.6,9.5,54,24,19,87,66,1019.3,1023.1,8,8,4.3,8.9,9.6,1,0
-0.3,10.8,26,0,13,99,72,1032.6,1030.1,8,6,4.4,9.6,0.2,0,0
4.4,12.8,20,4,6,90,66,1032.9,1030.6,6,7,8.4,12.2,0,0,0
7.3,15.2,17,7,7,100,88,1023.3,1021.8,8,8,10.9,14,5,1,0
8.5,17.3,13,6,7,100,70,1020.9,1019.5,7,1,10.7,16.7,0,0,0
6.2,16.8,15,11,7,100,96,1020.1,1015.6,8,8,10,13.8,0.4,0,1
9.9,18.2,56,31,22,92,99,1003.6,999.5,8,8,16.8,12.7,6.8,1,1
7.1,10.8,63,24,28,82,67,1005.2,1009.8,8,8,8.5,8.4,24.2,1,0
4.7,11.5,56,15,19,89,87,1013.5,1012.2,8,8,7.7,10.4,12,1,1
4.5,11.3,39,15,20,85,72,1017.4,1014.4,6,8,6.9,9.7,4,1,1
6.9,12.6,39,17,24,90,82,1013.7,1017.3,5,6,9.5,11.5,10.6,1,0
5.9,10.8,22,9,11,85,79,1027.6,1026.1,7,8,8.1,10.5,0,0,0
7.7,12.2,28,11,15,94,73,1025.8,1022.9,8,8,9.1,11,0.8,0,0
8.3,12.1,20,9,9,96,74,1024.4,1021.5,8,8,9.7,11.9,0.2,0,1
8,14.3,22,7,9,93,76,1019.4,1017.4,8,8,9.7,13.7,2.2,1,1
9.6,11.8,33,0,22,100,92,1017,1012.3,8,6,10.6,11.5,3.8,1,1
0.7,15.6,13,0,7,88,43,1027.9,1024.8,7,1,5.5,14.3,0.2,0,0
1.4,15.1,13,4,7,89,65,1026.7,1023.5,2,5,6,14.4,0,0,0
1.8,17.2,43,6,24,87,60,1022,1015.9,1,4,7.8,16.3,0,0,1
7.4,15,39,11,15,79,56,1015.7,1013.9,7,8,11.2,14.1,2.6,1,0
0.7,11.6,19,0,13,100,58,1025.6,1021.8,1,8,4.7,11,0,0,0
4.7,15.4,22,6,19,87,60,1024.2,1022.5,1,6,9.7,13.8,0.6,0,0
2.2,16.8,19,0,11,100,56,1033,1030.1,8,1,6.5,15.7,0,0,0
6,18,22,0,15,92,65,1024.8,1022.6,1,7,10.6,17.3,0,0,0
9.3,16.4,52,30,24,58,80,1012.9,1009.7,8,7,15,13.2,0,0,1
5.3,12,43,15,20,86,66,1016.1,1015.2,8,7,7.1,11.7,11,1,0
5.4,15.4,33,11,17,83,56,1020.1,1016.5,8,2,9.3,14.2,1,0,0
8.4,13.9,31,11,19,91,79,1016.8,1013.9,5,8,9.5,10.6,0.2,0,1
3.3,14.1,41,7,26,97,52,1013.2,1012.7,6,1,7.7,12.5,0.2,0,0
0.2,13.6,30,7,19,100,50,1022.9,1020.5,8,1,4,13,0,0,0
2.1,16.9,24,4,13,89,57,1024.8,1021.5,7,8,8.5,16.2,0,0,0
3.4,18.2,26,0,9,85,51,1027.6,1024.2,6,3,10,16.5,0,0,0
7.8,15.3,37,7,9,81,72,1024.7,1020,3,8,10.6,15.2,0,0,1
10.6,18.4,43,15,20,100,66,1015.9,1015.4,7,6,13.9,16.7,22,1,0
8.5,16.7,17,0,11,96,65,1020,1016.1,8,7,12.3,15.8,0.4,0,0
9.6,16.6,48,15,31,90,60,1003.4,1008.8,6,1,11.4,15.1,33.6,1,0
7.7,15.1,26,20,13,82,66,1023.7,1025.4,8,7,10.8,14,0.6,0,0
4.4,15.9,24,4,13,93,63,1031.3,1029.1,8,7,10.4,14.7,0,0,0
4.4,18.1,15,7,7,100,68,1030.7,1028.1,8,2,9.2,17.1,0,0,0
8.1,20.3,33,7,17,94,63,1027.2,1021.3,8,8,12.6,20.1,0,0,1
12.6,17.8,50,20,20,86,91,1014.8,1009.8,8,8,15.1,15.7,4,1,1
11.2,17.7,43,24,26,91,67,1012.4,1013.7,8,8,12.2,16.5,17,1,0
6.9,19.7,31,9,19,79,55,1020.6,1016.1,8,1,12.6,19,0,0,1
12.4,16.2,46,30,22,84,56,1009.5,1008.8,7,8,14.1,15.4,8.6,1,1
8.3,13.6,39,17,22,88,72,1008.5,1011,8,7,10,12.8,10.8,1,0
9.4,16.1,31,2,17,87,56,1018.7,1018.1,8,8,11.7,15.6,0.4,0,0
7.1,13.8,24,6,13,98,94,1010.7,1005.9,7,8,10.7,12.9,1.2,1,1
9.8,16.2,31,11,9,96,72,1009.3,1005.3,8,8,11.3,15.8,12.8,1,0
8.3,20.5,31,7,17,83,45,1012.3,1008.2,6,4,14.1,20.2,0,0,1
4.8,15.9,33,7,17,73,52,1014.8,1011.9,6,7,10.6,15.2,0,0,1
7.1,15.2,37,17,22,79,57,1012.9,1012.4,8,5,9.7,13.8,2.8,1,1
11.1,14.8,56,9,24,89,59,993.7,993.1,8,8,11.8,13.9,20.6,1,1
8.4,13.7,48,2,31,98,84,992.9,995.7,8,8,9.8,11.9,16.2,1,1
9.2,14.9,46,17,20,98,78,1006.2,1007.7,8,8,11,13.5,9,1,0
10.8,15.1,59,24,35,76,59,1000.3,1000.5,1,3,11.8,13.9,12.4,1,1
8.3,15,67,20,33,90,86,1006.9,1002.4,8,8,9.2,12.9,8.6,1,1
3.5,15.7,39,6,22,78,64,1018.3,1017.6,2,6,8.6,14.2,7.8,1,0
5.3,16.7,43,6,26,75,59,1017.9,1016.5,5,8,11.6,14.9,0.2,0,0
9.7,17.6,39,19,22,85,49,1008.7,1009.9,8,3,10.8,17,9.6,1,0
10.1,16.4,46,13,22,82,76,1012.8,1011.6,8,8,11.3,14.7,0.8,0,1
12.7,24.6,37,15,13,52,42,1013,1011,1,4,18.6,23.3,0,0,0
14.7,24.3,69,28,20,64,68,1005.9,1003.5,1,8,21.9,20.6,0,0,0
7.1,18.6,33,7,17,63,43,1014.3,1011.6,7,5,11.7,17.1,0,0,0
9.6,18.4,61,30,31,57,40,1010.4,1011.6,8,5,12.1,16.2,0,0,0
7.9,20.9,39,20,17,66,43,1012.4,1010.9,2,1,12.8,19.8,0,0,0
11.6,24.9,37,6,22,64,43,1006.9,1008,2,3,18.1,24.2,0,0,0
14.1,27.1,54,0,26,87,38,1001.3,998.1,8,1,17.4,26.6,8,1,1
11.7,16,56,19,22,87,88,999.4,997.5,8,6,13,12.3,1.8,1,1
14.3,21.6,50,9,28,98,44,1011.8,1010.3,8,7,14.5,20.2,19.2,1,0
16,22.7,22,7,11,93,66,1010.7,1007.8,5,8,17.3,21.6,5.2,1,0
17.5,34,48,20,11,49,69,1013.6,1011.7,7,4,27.8,23.5,0,0,1
19.1,36,24,6,13,67,35,1010.6,1007,1,1,23.2,32.2,0,0,0
19.8,31,20,6,9,77,52,1012,1009.3,6,8,23.5,29.8,10.6,1,0
16.7,32,44,6,7,64,48,1003.2,1000,3,5,21.9,28.2,0,0,1
18.6,28.1,54,13,26,100,61,996.6,995.9,8,8,19.3,25.7,18,1,1
23.5,32.1,35,17,20,59,24,1009.5,1009.6,3,1,26,29.5,0,0,0
20.9,23.8,15,0,4,94,88,1011.9,1013.3,8,4,21.9,23.4,3.4,1,1
14.7,30.9,31,13,13,55,30,1020.8,1018.5,7,2,21,28.3,0,0,0
18.9,31.2,39,0,24,62,36,1017.1,1013.9,1,3,20.6,29.4,0,0,0
15.4,33.9,41,4,20,65,25,1019,1015.8,2,1,20.6,33,0,0,0
17.6,24.4,26,2,15,82,69,1014.9,1013.5,8,8,18.8,21.7,0,0,0
9.1,24.2,31,9,13,73,52,1023.9,1018,8,5,15.7,22.5,0,0,1
14.1,19.9,56,17,26,69,62,1009.3,1008.1,8,8,18.5,14.6,1.8,1,1
7.8,17.4,39,19,11,89,72,1010.4,1011.7,4,1,11.1,16.6,10.8,1,0
14.5,17.6,17,9,11,95,89,1025.6,1024.7,8,8,15,16.5,1,0,1
14.8,19.7,19,4,13,100,77,1026.2,1023.2,8,8,15.6,19,17.2,1,0
11,23.3,17,2,9,81,59,1022.3,1016.9,1,2,15.8,22.8,0,0,1
15.4,20.4,35,9,17,100,76,1009.5,1006.5,8,2,16.3,20.1,9.6,1,1
10,15.7,43,24,28,85,59,1006.9,1008.4,8,6,10.4,14.7,31.2,1,0
6.3,19.8,24,6,9,100,64,1023.2,1020.7,8,8,10,19,0,0,0
6.8,19.9,17,6,4,99,61,1023.6,1020.1,7,6,10.8,18.4,0,0,0
4.6,19.4,28,6,9,83,55,1024.6,1020.8,1,1,10,19,0,0,0
7.7,18.2,20,6,9,82,59,1022.5,1019.7,7,1,10.9,18.2,0,0,0
4.4,17.6,15,0,7,91,63,1022.8,1020.3,1,1,9.7,16.6,0,0,0
9.8,15.3,31,9,13,70,100,1021.8,1018.8,8,8,14.8,13.7,0,0,1
6.8,18.4,13,0,7,100,66,1022.7,1021.1,8,7,10.4,17.7,0.2,0,0
4.4,19.6,24,0,11,100,71,1021.2,1016.6,1,8,9.9,18,0,0,1
4.2,14,20,0,11,100,76,1023.6,1022,7,8,8.8,13.5,0.2,0,0
9,14.3,44,11,20,93,80,1010.8,1010.3,8,8,11.1,11.3,7,1,1
2.8,12.4,31,7,15,91,63,1021.5,1021.6,4,1,6.2,12.2,7.4,1,0
6,9.4,24,7,7,96,100,1024.4,1022,8,7,6.7,9.3,0.4,0,1
1.2,12.5,20,4,15,100,71,1027.3,1024.4,8,7,3.6,11.6,0.2,0,1
0.8,13.4,17,6,0,100,66,1029.4,1025.9,8,1,3.6,13.3,0,0,0
1.1,11.9,44,9,2,100,81,1022.3,1017.7,8,1,2.7,10.2,0,0,0
1.1,14.1,28,4,15,100,49,1018.8,1017.2,7,6,3.9,13.1,0.2,0,0
3.9,10.9,28,6,0,88,82,1020.5,1018.8,7,8,6.4,8.8,0,0,1
